vehicle_id,timestamp,engine_temperature,battery_voltage,vibration_level,tire_pressure,speed,fuel_level,engine_rpm,coolant_level,health_score,anomaly_status,maintenance_required
VEH_002,2026-06-25 18:23:30,92.88,14.17,1.02,32.99,102.91,82.71,3455.51,88.4,100.0,Normal,No
VEH_005,2026-06-25 18:24:21,86.33,13.67,0.51,32.02,0.0,72.99,827.54,89.79,100.0,Normal,No
VEH_004,2026-06-25 18:25:06,91.42,14.26,0.89,33.09,63.12,94.45,2723.33,90.85,100.0,Normal,No
VEH_003,2026-06-25 18:26:37,90.58,14.29,0.78,32.34,57.13,67.98,2465.1,91.21,100.0,Normal,No
VEH_001,2026-06-25 18:26:51,92.06,13.97,0.84,32.52,74.88,80.6,2930.56,87.79,100.0,Normal,No
VEH_002,2026-06-25 18:28:31,92.76,14.17,0.81,32.85,70.03,82.59,2713.04,88.4,100.0,Normal,No
VEH_005,2026-06-25 18:29:19,86.92,13.86,0.58,32.58,0.0,72.94,783.05,89.78,100.0,Normal,No
VEH_004,2026-06-25 18:29:55,93.95,14.1,0.97,32.32,95.79,94.31,3380.27,90.84,100.0,Normal,No
VEH_003,2026-06-25 18:31:44,91.65,13.84,0.77,31.86,54.78,67.87,2458.53,91.2,100.0,Normal,No
VEH_001,2026-06-25 18:31:45,87.09,14.26,0.51,32.1,0.0,80.55,810.32,87.78,100.0,Normal,No
VEH_002,2026-06-25 18:33:19,86.83,14.07,0.56,32.28,0.0,82.54,823.9,88.38,100.0,Normal,No
VEH_005,2026-06-25 18:34:28,90.66,13.81,0.92,31.93,64.17,72.83,2625.84,89.77,100.0,Normal,No
VEH_004,2026-06-25 18:34:52,87.13,13.69,0.57,32.39,0.0,94.26,773.17,90.83,100.0,Normal,No
VEH_003,2026-06-25 18:36:34,92.62,13.77,0.9,32.36,62.43,67.76,2661.24,91.19,100.0,Normal,No
VEH_001,2026-06-25 18:37:00,91.84,13.95,0.97,31.86,83.26,80.41,3001.79,87.77,100.0,Normal,No
VEH_002,2026-06-25 18:38:19,91.31,13.65,0.87,32.19,59.53,82.43,2392.01,88.37,100.0,Normal,No
VEH_005,2026-06-25 18:39:33,92.13,13.74,0.87,32.18,85.7,72.69,2993.21,89.77,100.0,Normal,No
VEH_004,2026-06-25 18:39:59,94.23,13.82,1.02,33.11,97.11,94.11,3309.69,90.82,100.0,Normal,No
VEH_003,2026-06-25 18:41:19,90.07,14.15,0.77,32.22,37.86,67.67,2016.22,91.18,100.0,Normal,No
VEH_001,2026-06-25 18:41:56,91.61,13.83,0.81,32.16,68.14,80.3,2808.27,87.76,100.0,Normal,No
VEH_002,2026-06-25 18:43:27,93.65,14.1,0.97,32.99,96.03,82.28,3354.97,88.37,100.0,Normal,No
VEH_005,2026-06-25 18:44:46,92.97,13.9,0.98,31.95,73.14,72.57,2856.62,89.75,100.0,Normal,No
VEH_004,2026-06-25 18:45:08,94.76,14.17,1.05,33.25,107.55,93.95,3779.86,90.81,100.0,Normal,No
VEH_003,2026-06-25 18:46:16,93.43,14.02,1.04,32.24,86.49,67.53,3302.5,91.17,100.0,Normal,No
VEH_001,2026-06-25 18:47:04,86.78,13.61,0.58,32.95,0.0,80.25,820.17,87.76,100.0,Normal,No
VEH_002,2026-06-25 18:48:28,93.84,14.03,0.99,32.41,89.79,82.14,3174.53,88.36,100.0,Normal,No
VEH_005,2026-06-25 18:49:57,93.34,13.79,1.04,32.85,105.45,72.41,3729.49,89.74,100.0,Normal,No
VEH_004,2026-06-25 18:50:22,90.64,14.18,0.91,32.52,53.84,93.85,2472.32,90.8,100.0,Normal,No
VEH_003,2026-06-25 18:51:20,92.38,13.84,0.9,32.45,78.14,67.41,2929.28,91.16,100.0,Normal,No
VEH_001,2026-06-25 18:52:14,91.58,14.02,0.82,32.7,56.9,80.14,2342.1,87.74,100.0,Normal,No
VEH_002,2026-06-25 18:53:16,86.77,14.25,0.58,33.07,0.0,82.09,844.58,88.34,100.0,Normal,No
VEH_005,2026-06-25 18:55:10,89.58,13.8,0.76,32.12,44.35,72.32,2075.78,89.73,100.0,Normal,No
VEH_004,2026-06-25 18:55:25,93.14,14.02,0.84,32.34,71.83,93.73,2894.59,90.79,100.0,Normal,No
VEH_003,2026-06-25 18:56:13,90.17,13.99,0.66,32.17,30.15,67.33,1697.07,91.15,100.0,Normal,No
VEH_001,2026-06-25 18:57:20,93.19,14.05,0.99,33.04,84.3,80.0,3141.44,87.73,100.0,Normal,No
VEH_002,2026-06-25 18:58:12,94.08,14.0,0.98,31.97,109.64,81.93,3777.0,88.33,100.0,Normal,No
VEH_005,2026-06-25 18:59:55,91.82,14.02,0.78,33.22,51.87,72.22,2443.46,89.72,100.0,Normal,No
VEH_004,2026-06-25 19:00:22,92.1,13.9,0.89,32.43,73.86,93.6,2792.73,90.78,100.0,Normal,No
VEH_003,2026-06-25 19:01:21,91.87,13.62,1.03,32.24,63.2,67.21,2719.5,91.13,100.0,Normal,No
VEH_001,2026-06-25 19:02:09,93.42,13.74,0.97,33.04,87.87,79.87,3179.2,87.72,100.0,Normal,No
VEH_002,2026-06-25 19:03:14,91.88,13.99,0.86,33.04,68.51,81.81,2622.26,88.33,100.0,Normal,No
VEH_005,2026-06-25 19:05:08,93.08,14.09,0.88,32.54,85.37,72.08,3070.89,89.71,100.0,Normal,No
VEH_004,2026-06-25 19:05:24,93.51,14.19,0.91,32.25,86.41,93.47,3090.44,90.77,100.0,Normal,No
VEH_003,2026-06-25 19:06:20,91.6,13.66,1.41,33.12,75.22,67.09,2907.12,91.12,100.0,Normal,No
VEH_001,2026-06-25 19:07:19,91.82,13.82,0.84,32.52,62.03,79.75,2482.01,87.71,100.0,Normal,No
VEH_002,2026-06-25 19:08:13,86.16,13.69,0.61,32.88,0.0,81.76,808.52,88.32,100.0,Normal,No
VEH_005,2026-06-25 19:09:59,88.51,13.67,0.71,32.22,31.48,72.0,1653.77,89.7,100.0,Normal,No
VEH_004,2026-06-25 19:10:19,91.91,13.66,0.78,31.9,66.15,93.35,2507.74,90.76,100.0,Normal,No
VEH_003,2026-06-25 19:11:17,87.79,13.61,1.92,32.14,0.0,67.04,837.75,91.11,100.0,Normal,No
VEH_001,2026-06-25 19:12:13,91.83,14.29,0.86,32.14,66.36,79.64,2709.62,87.7,100.0,Normal,No
VEH_002,2026-06-25 19:13:00,92.2,14.17,0.93,33.18,75.19,81.64,2778.78,88.3,100.0,Normal,No
VEH_005,2026-06-25 19:14:51,93.62,14.08,0.95,32.11,78.22,71.87,3068.62,89.69,100.0,Normal,No
VEH_004,2026-06-25 19:15:22,87.63,14.26,0.48,33.11,0.0,93.3,839.7,90.75,100.0,Normal,No
VEH_003,2026-06-25 19:16:17,91.25,14.03,2.42,32.5,60.74,66.93,2511.57,91.1,95.81,Warning,Yes
VEH_001,2026-06-25 19:17:09,90.91,13.68,0.73,32.66,42.82,79.55,2087.06,87.69,100.0,Normal,No
VEH_002,2026-06-25 19:17:46,93.82,13.62,1.05,32.82,100.99,81.49,3439.35,88.29,100.0,Normal,No
VEH_005,2026-06-25 19:19:42,93.43,13.86,0.97,33.15,95.68,71.72,3314.44,89.68,100.0,Normal,No
VEH_004,2026-06-25 19:20:36,87.57,14.0,0.5,33.11,0.0,93.25,825.04,90.74,100.0,Normal,No
VEH_003,2026-06-25 19:21:32,86.94,13.78,2.74,32.03,0.0,66.88,763.52,91.1,92.65,Warning,Yes
VEH_001,2026-06-25 19:22:24,93.69,14.04,0.93,32.89,90.57,79.41,3326.66,87.67,100.0,Normal,No
VEH_002,2026-06-25 19:22:59,90.33,13.74,0.77,33.06,51.82,81.38,2365.44,88.28,100.0,Normal,No
VEH_005,2026-06-25 19:24:27,88.81,14.27,0.76,31.95,40.21,71.63,1887.97,89.67,100.0,Normal,No
VEH_004,2026-06-25 19:25:32,92.23,14.12,0.98,32.44,77.93,93.12,3012.19,90.73,100.0,Normal,No
VEH_003,2026-06-25 19:26:18,92.56,14.03,3.24,31.92,81.17,66.74,3021.88,91.09,87.6,Warning,Yes
VEH_001,2026-06-25 19:27:16,94.45,13.73,1.01,32.87,99.11,79.26,3524.51,87.66,100.0,Normal,No
VEH_002,2026-06-25 19:27:58,91.22,14.12,0.71,33.14,49.1,81.29,2218.56,88.27,100.0,Normal,No
VEH_005,2026-06-25 19:29:30,85.99,14.06,0.5,32.17,0.0,71.58,784.75,89.66,100.0,Normal,No
VEH_004,2026-06-25 19:30:19,86.67,13.97,0.5,32.56,0.0,93.07,797.07,90.73,100.0,Normal,No
VEH_003,2026-06-25 19:31:13,94.6,13.67,3.74,33.03,93.04,66.6,3447.27,91.08,82.61,Warning,Yes
VEH_001,2026-06-25 19:32:21,91.81,13.67,0.76,32.36,52.06,79.15,2386.87,87.65,100.0,Normal,No
VEH_002,2026-06-25 19:33:05,94.52,14.13,0.93,33.02,93.99,81.14,3457.24,88.26,100.0,Normal,No
VEH_005,2026-06-25 19:34:18,87.3,14.24,0.49,32.85,0.0,71.53,782.24,89.66,100.0,Normal,No
VEH_004,2026-06-25 19:35:18,87.27,14.06,0.6,32.52,0.0,93.02,794.81,90.72,100.0,Normal,No
VEH_003,2026-06-25 19:36:09,91.08,14.11,4.31,32.35,40.94,66.51,2048.06,91.07,76.94,Warning,Yes
VEH_001,2026-06-25 19:37:33,91.89,13.75,0.87,32.81,59.7,79.04,2602.34,87.64,100.0,Normal,No
VEH_002,2026-06-25 19:38:15,86.33,13.62,0.49,32.16,0.0,81.09,833.4,88.25,100.0,Normal,No
VEH_005,2026-06-25 19:39:23,87.78,13.97,0.5,31.89,0.0,71.48,805.18,89.65,100.0,Normal,No
VEH_004,2026-06-25 19:40:30,91.61,14.07,0.86,32.86,60.89,92.91,2558.15,90.71,100.0,Normal,No
VEH_003,2026-06-25 19:41:01,87.71,13.96,4.85,31.88,0.0,66.46,798.36,91.06,71.5,Critical,Yes
VEH_001,2026-06-25 19:42:18,92.25,14.12,0.93,32.71,91.16,78.9,3188.72,87.63,100.0,Normal,No
VEH_002,2026-06-25 19:43:16,86.64,13.94,0.47,32.82,0.0,81.04,821.68,88.24,100.0,Normal,No
VEH_005,2026-06-25 19:44:15,90.62,13.98,0.79,33.02,69.46,71.37,2635.53,89.64,100.0,Normal,No
VEH_004,2026-06-25 19:45:25,90.26,13.73,0.79,33.09,52.51,92.81,2404.75,90.7,100.0,Normal,No
VEH_003,2026-06-25 19:46:11,92.32,13.62,5.11,32.62,69.48,66.34,2785.95,91.04,68.87,Critical,Yes
VEH_001,2026-06-25 19:47:18,89.04,13.9,0.71,32.48,33.86,78.82,1955.03,87.63,100.0,Normal,No
VEH_002,2026-06-25 19:48:28,91.19,14.06,0.86,33.0,53.6,80.94,2487.61,88.23,100.0,Normal,No
VEH_005,2026-06-25 19:49:01,92.34,13.95,0.92,32.34,84.21,71.23,3224.42,89.63,100.0,Normal,No
VEH_004,2026-06-25 19:50:20,93.76,13.95,0.96,32.66,91.2,92.67,3406.01,90.69,100.0,Normal,No
VEH_003,2026-06-25 19:51:01,93.28,14.28,5.54,33.2,82.78,66.21,2943.69,91.03,64.61,Critical,Yes
VEH_001,2026-06-25 19:52:06,93.63,13.94,0.99,32.62,90.78,78.68,3204.05,87.61,100.0,Normal,No
VEH_002,2026-06-25 19:53:31,90.91,13.7,0.76,32.15,45.31,80.84,2236.16,88.22,100.0,Normal,No
VEH_005,2026-06-25 19:54:10,86.83,13.94,0.58,32.22,0.0,71.18,830.42,89.62,100.0,Normal,No
VEH_004,2026-06-25 19:55:07,91.31,13.63,0.75,32.71,56.65,92.56,2425.26,90.68,100.0,Normal,No
VEH_003,2026-06-25 19:56:04,91.81,13.7,5.95,32.69,77.03,66.08,2796.82,91.03,60.5,Critical,Yes
VEH_001,2026-06-25 19:57:04,93.98,14.16,1.03,32.08,101.28,78.53,3609.43,87.61,100.0,Normal,No
VEH_002,2026-06-25 19:58:24,90.39,14.12,0.69,32.36,38.54,80.75,2022.6,88.21,100.0,Normal,No
VEH_005,2026-06-25 19:59:00,94.9,13.99,1.0,32.37,98.59,71.03,3568.71,89.61,100.0,Normal,No
VEH_004,2026-06-25 19:59:54,86.08,14.24,0.62,32.05,0.0,92.51,804.71,90.67,100.0,Normal,No
VEH_003,2026-06-25 20:01:00,94.72,13.7,6.51,32.56,96.33,65.94,3538.05,91.01,54.88,Critical,Yes
VEH_001,2026-06-25 20:02:07,91.9,14.04,0.87,32.0,66.83,78.41,2792.17,87.6,100.0,Normal,No
VEH_002,2026-06-25 20:03:28,92.63,13.66,1.0,32.14,91.1,80.61,3378.51,88.2,100.0,Normal,No
VEH_005,2026-06-25 20:03:54,90.41,13.6,0.81,32.6,60.96,70.92,2498.64,89.6,100.0,Normal,No
VEH_004,2026-06-25 20:04:49,93.45,13.62,1.08,31.91,98.68,92.36,3493.84,90.66,100.0,Normal,No
VEH_003,2026-06-25 20:06:06,94.19,13.88,1.03,32.87,104.69,65.78,3665.08,91.01,100.0,Normal,No
VEH_001,2026-06-25 20:07:14,90.22,13.82,0.74,33.15,32.7,78.33,1820.19,87.59,100.0,Normal,No
VEH_002,2026-06-25 20:08:18,89.91,14.15,0.71,33.14,39.73,80.52,1972.46,88.19,100.0,Normal,No
VEH_005,2026-06-25 20:09:08,94.47,13.88,1.02,31.91,103.49,70.77,3439.05,89.59,100.0,Normal,No
VEH_004,2026-06-25 20:10:01,94.03,14.08,1.0,33.1,101.12,92.21,3502.27,90.65,100.0,Normal,No
VEH_003,2026-06-25 20:11:09,93.16,14.16,0.89,32.94,81.38,65.65,3053.56,90.99,100.0,Normal,No
VEH_001,2026-06-25 20:12:22,87.1,14.29,0.53,32.35,0.0,78.28,768.15,87.58,100.0,Normal,No
VEH_002,2026-06-25 20:13:29,89.71,14.16,0.7,32.18,30.61,80.44,1684.54,88.18,100.0,Normal,No
VEH_005,2026-06-25 20:14:00,91.76,14.29,0.85,32.53,56.24,70.66,2395.11,89.58,100.0,Normal,No
VEH_004,2026-06-25 20:15:04,93.31,13.9,1.02,32.38,84.68,92.08,3167.94,90.64,100.0,Normal,No
VEH_003,2026-06-25 20:16:21,87.85,13.71,0.57,31.8,0.0,65.6,805.59,90.98,100.0,Normal,No
VEH_001,2026-06-25 20:17:37,86.56,13.79,0.58,32.94,0.0,78.23,772.32,87.57,100.0,Normal,No
VEH_002,2026-06-25 20:18:42,89.61,14.28,0.77,32.38,45.45,80.35,2086.27,88.17,100.0,Normal,No
VEH_005,2026-06-25 20:19:13,93.81,13.74,1.03,32.25,98.51,70.51,3390.12,89.57,100.0,Normal,No
VEH_004,2026-06-25 20:20:16,91.95,13.68,0.96,32.97,79.17,91.95,3109.29,90.63,100.0,Normal,No
VEH_003,2026-06-25 20:21:33,91.39,14.11,0.84,32.56,70.0,65.48,2760.74,90.97,100.0,Normal,No
VEH_001,2026-06-25 20:22:25,92.87,14.07,0.99,32.91,84.3,78.09,3159.6,87.56,100.0,Normal,No
VEH_002,2026-06-25 20:23:31,93.29,14.2,0.96,32.56,96.14,80.2,3299.2,88.16,100.0,Normal,No
VEH_005,2026-06-25 20:24:24,92.72,13.83,0.94,32.38,79.86,70.38,3130.09,89.56,100.0,Normal,No
VEH_004,2026-06-25 20:25:02,90.0,13.8,0.84,32.2,48.59,91.85,2109.07,90.62,100.0,Normal,No
VEH_003,2026-06-25 20:26:47,92.87,14.03,0.98,33.18,83.62,65.35,3150.65,90.96,100.0,Normal,No
VEH_001,2026-06-25 20:27:12,91.98,14.06,0.8,32.75,67.44,77.98,2628.88,87.55,100.0,Normal,No
VEH_002,2026-06-25 20:28:30,90.23,13.61,0.85,32.56,55.47,80.1,2377.06,88.15,100.0,Normal,No
VEH_005,2026-06-25 20:29:25,90.16,14.04,0.82,32.71,44.37,70.29,2212.65,89.55,100.0,Normal,No
VEH_004,2026-06-25 20:29:53,91.26,13.88,0.75,32.63,62.12,91.74,2406.18,90.61,100.0,Normal,No
VEH_003,2026-06-25 20:31:43,92.88,13.7,0.91,32.86,69.97,65.23,2856.6,90.94,100.0,Normal,No
VEH_001,2026-06-25 20:32:06,86.56,13.79,0.58,32.38,0.0,77.93,848.78,87.55,100.0,Normal,No
VEH_002,2026-06-25 20:33:36,88.91,14.29,0.82,32.99,38.52,80.01,1943.01,88.14,100.0,Normal,No
VEH_005,2026-06-25 20:34:28,86.4,14.03,0.47,32.53,0.0,70.24,784.7,89.54,100.0,Normal,No
VEH_004,2026-06-25 20:35:03,94.36,14.0,1.08,32.76,101.29,91.59,3421.33,90.6,100.0,Normal,No
VEH_003,2026-06-25 20:36:34,91.59,13.61,0.87,32.63,79.74,65.1,2876.29,90.93,100.0,Normal,No
VEH_001,2026-06-25 20:37:15,86.34,14.15,0.51,31.89,0.0,77.88,802.1,87.54,100.0,Normal,No
VEH_002,2026-06-25 20:38:30,90.51,13.79,0.72,32.61,44.48,79.91,2009.72,88.13,100.0,Normal,No
VEH_005,2026-06-25 20:39:39,86.86,14.22,0.53,32.57,0.0,70.19,753.43,89.53,100.0,Normal,No
VEH_004,2026-06-25 20:39:54,93.23,14.11,0.95,32.1,77.05,91.46,2990.9,90.59,100.0,Normal,No
VEH_003,2026-06-25 20:41:36,87.83,13.86,0.61,32.4,0.0,65.05,789.0,90.92,100.0,Normal,No
VEH_001,2026-06-25 20:42:29,90.78,14.19,0.84,32.97,58.08,77.77,2546.05,87.52,100.0,Normal,No
VEH_002,2026-06-25 20:43:35,87.61,14.13,0.55,32.3,0.0,79.86,781.3,88.11,100.0,Normal,No
VEH_005,2026-06-25 20:44:24,87.39,13.94,0.48,33.15,0.0,70.14,762.29,89.52,100.0,Normal,No
VEH_004,2026-06-25 20:45:00,94.83,14.19,1.0,32.72,106.1,91.3,3777.84,90.57,100.0,Normal,No
VEH_003,2026-06-25 20:46:21,93.94,13.92,1.1,31.95,103.11,64.89,3634.55,90.91,100.0,Normal,No
VEH_001,2026-06-25 20:47:16,92.52,13.97,0.9,32.38,65.81,77.65,2732.07,87.51,100.0,Normal,No
VEH_002,2026-06-25 20:48:38,86.44,14.23,0.52,32.78,0.0,79.81,799.12,88.1,100.0,Normal,No
VEH_005,2026-06-25 20:49:39,89.67,13.87,0.76,32.28,32.11,70.06,1726.72,89.51,100.0,Normal,No
VEH_004,2026-06-25 20:50:07,92.74,13.81,0.9,32.72,96.13,91.16,3309.53,90.57,100.0,Normal,No
VEH_003,2026-06-25 20:51:34,89.6,14.14,0.8,32.46,49.3,64.79,2091.41,90.89,100.0,Normal,No
VEH_001,2026-06-25 20:52:11,89.18,13.99,0.81,31.73,40.82,77.56,1919.21,87.5,100.0,Normal,No
VEH_002,2026-06-25 20:53:46,94.97,14.27,1.02,32.09,108.03,79.65,3786.44,88.09,100.0,Normal,No
VEH_005,2026-06-25 20:54:47,86.69,14.02,0.6,31.86,0.0,70.01,833.82,89.5,100.0,Normal,No
VEH_004,2026-06-25 20:54:58,94.58,14.11,0.96,32.76,98.89,91.01,3457.22,90.56,100.0,Normal,No
VEH_003,2026-06-25 20:56:24,93.75,14.15,0.97,32.44,95.78,64.65,3504.87,90.88,100.0,Normal,No
VEH_001,2026-06-25 20:57:21,93.26,14.22,1.08,31.18,102.2,77.41,3551.23,87.49,100.0,Normal,No
VEH_002,2026-06-25 20:58:55,89.18,14.13,0.75,31.89,31.17,79.57,1707.8,88.09,100.0,Normal,No
VEH_005,2026-06-25 20:59:59,89.13,13.87,0.71,32.09,38.63,69.92,2007.4,89.49,100.0,Normal,No
VEH_004,2026-06-25 21:00:02,92.75,13.79,0.95,32.28,97.56,90.86,3364.16,90.55,100.0,Normal,No
VEH_003,2026-06-25 21:01:19,94.38,14.22,0.92,32.5,97.52,64.5,3377.68,90.87,100.0,Normal,No
VEH_001,2026-06-25 21:02:28,90.94,13.96,0.75,30.32,46.63,77.31,2148.21,87.48,100.0,Normal,No
VEH_002,2026-06-25 21:04:06,92.36,13.71,0.77,31.36,60.83,79.46,2549.38,88.07,100.0,Normal,No
VEH_004,2026-06-25 21:04:56,91.12,14.16,0.86,31.56,57.37,90.75,2461.71,90.54,100.0,Normal,No
VEH_005,2026-06-25 21:05:11,93.93,14.24,0.95,32.53,93.84,69.77,3289.34,89.48,100.0,Normal,No
VEH_003,2026-06-25 21:06:28,90.61,13.69,0.72,32.6,49.3,64.4,2263.31,90.86,100.0,Normal,No
VEH_001,2026-06-25 21:07:40,93.51,13.68,0.87,29.9,75.49,77.19,3030.34,87.47,99.59,Warning,Yes
VEH_002,2026-06-25 21:09:12,91.96,13.75,0.84,30.71,59.9,79.35,2630.49,88.07,100.0,Normal,No
VEH_004,2026-06-25 21:09:48,92.43,14.16,0.89,30.88,66.4,90.64,2778.91,90.53,100.0,Normal,No
VEH_005,2026-06-25 21:10:15,87.44,14.26,0.59,32.92,0.0,69.72,787.55,89.47,100.0,Normal,No
VEH_003,2026-06-25 21:11:39,93.75,13.94,1.03,33.0,100.05,64.25,3565.47,90.85,100.0,Normal,No
VEH_001,2026-06-25 21:12:28,86.27,13.7,0.57,29.46,0.0,77.14,766.79,87.46,97.85,Warning,Yes
VEH_002,2026-06-25 21:14:10,90.39,14.27,0.86,30.05,50.36,79.25,2407.01,88.05,100.0,Normal,No
VEH_004,2026-06-25 21:14:44,92.34,13.96,0.85,30.1,66.01,90.52,2596.82,90.52,100.0,Normal,No
VEH_005,2026-06-25 21:15:03,93.0,13.97,0.98,32.48,94.76,69.58,3285.89,89.46,100.0,Normal,No
VEH_003,2026-06-25 21:16:30,90.31,14.26,0.82,32.26,55.68,64.15,2324.3,90.83,100.0,Normal,No
VEH_001,2026-06-25 21:17:28,89.34,14.17,0.69,29.02,41.12,77.05,1963.26,87.45,96.08,Warning,Yes
VEH_002,2026-06-25 21:19:17,91.27,14.04,0.94,29.49,62.71,79.14,2644.96,88.04,97.95,Warning,Yes
VEH_004,2026-06-25 21:19:32,90.1,14.15,0.69,29.25,42.86,90.43,2107.9,90.51,97.01,Warning,Yes
VEH_005,2026-06-25 21:19:50,92.25,13.9,0.92,32.04,85.32,69.44,3161.19,89.45,100.0,Normal,No
VEH_003,2026-06-25 21:21:18,92.71,14.14,1.03,31.97,96.59,64.0,3439.56,90.82,100.0,Normal,No
VEH_001,2026-06-25 21:22:25,87.95,13.85,0.53,28.35,0.0,77.0,785.76,87.44,93.41,Warning,Yes
VEH_002,2026-06-25 21:24:24,90.04,13.67,0.78,28.84,43.35,79.05,2142.96,88.03,95.38,Warning,Yes
VEH_004,2026-06-25 21:24:36,93.76,14.11,0.93,28.37,93.02,90.29,3186.86,90.5,93.49,Warning,Yes
VEH_005,2026-06-25 21:24:49,87.01,13.76,0.52,32.28,0.0,69.39,766.69,89.45,100.0,Normal,No
VEH_003,2026-06-25 21:26:25,94.52,14.18,1.04,33.05,107.18,63.84,3670.56,90.82,100.0,Normal,No
VEH_001,2026-06-25 21:27:19,88.67,13.69,0.71,27.51,36.36,76.91,1833.89,87.43,90.04,Warning,Yes
VEH_004,2026-06-25 21:29:22,91.52,13.9,0.88,27.84,70.28,90.17,2610.0,90.49,91.34,Warning,Yes
VEH_002,2026-06-25 21:29:25,90.94,13.86,0.83,28.37,55.63,78.94,2420.89,88.03,93.5,Warning,Yes
VEH_005,2026-06-25 21:29:44,86.07,13.76,0.57,31.9,0.0,69.34,819.29,89.44,100.0,Normal,No
VEH_003,2026-06-25 21:31:30,87.9,13.72,0.52,32.54,0.0,63.79,836.21,90.81,100.0,Normal,No
VEH_001,2026-06-25 21:32:32,87.21,14.02,0.51,27.06,0.0,76.86,785.19,87.41,88.24,Warning,Yes
VEH_002,2026-06-25 21:34:13,91.28,13.92,0.9,27.97,69.73,78.82,2856.52,88.02,91.87,Warning,Yes
VEH_004,2026-06-25 21:34:14,89.74,13.68,0.7,27.35,33.27,90.08,1702.28,90.47,89.4,Warning,Yes
VEH_005,2026-06-25 21:34:29,87.11,13.82,0.59,33.09,0.0,69.29,842.92,89.42,100.0,Normal,No
VEH_003,2026-06-25 21:36:27,90.72,14.11,0.86,32.8,58.75,63.68,2483.66,90.8,100.0,Normal,No
VEH_001,2026-06-25 21:37:17,93.36,14.22,0.9,26.42,82.71,76.73,3135.82,87.41,85.66,Warning,Yes
VEH_002,2026-06-25 21:38:59,87.72,13.83,0.53,27.36,0.0,78.77,842.85,88.01,89.46,Warning,Yes
VEH_004,2026-06-25 21:39:11,93.74,13.95,0.96,26.85,96.74,89.94,3276.77,90.47,87.38,Warning,Yes
VEH_005,2026-06-25 21:39:18,90.87,13.62,0.85,32.8,46.12,69.2,2269.48,89.41,100.0,Normal,No
VEH_003,2026-06-25 21:41:16,92.04,13.9,0.8,32.65,57.71,63.58,2536.7,90.79,100.0,Normal,No
VEH_001,2026-06-25 21:42:07,90.08,13.8,0.81,25.72,54.42,76.62,2427.33,87.39,82.87,Warning,Yes
VEH_002,2026-06-25 21:44:04,90.89,13.86,0.81,26.47,51.17,78.67,2274.04,87.99,85.88,Warning,Yes
VEH_004,2026-06-25 21:44:19,93.45,14.08,0.97,26.14,84.05,89.8,3081.72,90.46,84.57,Warning,Yes
VEH_005,2026-06-25 21:44:30,94.16,14.09,0.97,32.81,94.12,69.05,3476.34,89.4,100.0,Normal,No
VEH_003,2026-06-25 21:46:25,94.19,13.75,1.05,32.5,109.9,63.42,3705.47,90.78,100.0,Normal,No
VEH_001,2026-06-25 21:46:55,92.28,13.77,0.96,25.14,93.97,76.48,3243.78,87.38,80.54,Warning,Yes
VEH_002,2026-06-25 21:49:06,90.57,13.81,0.77,25.84,37.45,78.58,2080.38,87.98,83.36,Warning,Yes
VEH_004,2026-06-25 21:49:17,94.44,13.68,1.04,25.46,103.08,89.65,3670.5,90.44,81.83,Warning,Yes
VEH_005,2026-06-25 21:49:29,90.85,13.85,0.77,33.11,35.82,68.97,2036.57,89.38,100.0,Normal,No
VEH_003,2026-06-25 21:51:30,91.23,13.71,0.7,32.29,48.48,63.32,2133.24,90.77,100.0,Normal,No
VEH_001,2026-06-25 21:51:51,87.97,13.87,0.53,24.36,0.0,76.43,802.13,87.37,77.43,Critical,Yes
VEH_002,2026-06-25 21:54:18,94.11,14.07,0.98,25.11,93.24,78.44,3328.8,87.97,80.46,Warning,Yes
VEH_004,2026-06-25 21:54:18,92.33,13.6,0.99,24.91,92.54,89.51,3317.49,90.43,79.63,Critical,Yes
VEH_005,2026-06-25 21:54:32,93.53,13.7,1.08,32.14,104.59,68.81,3590.86,89.38,100.0,Normal,No
VEH_003,2026-06-25 21:56:44,92.62,13.92,0.87,32.13,81.84,63.18,3027.62,90.76,100.0,Normal,No
VEH_001,2026-06-25 21:56:59,92.94,13.7,0.91,23.88,80.65,76.3,2929.65,87.37,75.53,Critical,Yes
VEH_004,2026-06-25 21:59:06,93.59,13.81,1.1,24.28,109.56,89.35,3691.89,90.42,77.12,Critical,Yes
VEH_005,2026-06-25 21:59:17,92.63,13.61,0.94,32.09,75.14,68.69,2857.4,89.37,100.0,Normal,No
VEH_002,2026-06-25 21:59:18,91.42,14.0,0.92,24.56,62.49,78.33,2617.62,87.96,78.23,Critical,Yes
VEH_003,2026-06-25 22:01:34,89.39,13.9,0.83,32.57,42.38,63.09,2140.81,90.75,100.0,Normal,No
VEH_001,2026-06-25 22:01:44,93.0,13.76,0.99,23.31,87.8,76.16,3319.32,87.36,73.23,Critical,Yes
VEH_004,2026-06-25 22:04:14,89.01,13.62,0.66,23.52,31.28,89.26,1812.59,90.41,74.07,Critical,Yes
VEH_002,2026-06-25 22:04:16,93.76,14.19,0.98,23.93,102.41,78.17,3567.24,87.95,75.72,Critical,Yes
VEH_005,2026-06-25 22:04:18,93.27,13.8,0.98,32.01,75.65,68.56,2994.75,89.36,100.0,Normal,No
VEH_003,2026-06-25 22:06:28,89.7,13.77,0.75,32.76,45.37,63.0,2008.81,90.74,100.0,Normal,No
VEH_001,2026-06-25 22:06:43,93.79,14.01,0.96,22.79,91.38,76.02,3300.35,87.34,71.16,Critical,Yes
VEH_004,2026-06-25 22:09:14,91.81,14.21,0.8,22.97,58.2,89.16,2426.43,90.4,71.86,Critical,Yes
VEH_002,2026-06-25 22:09:20,86.4,13.88,0.58,23.5,0.0,78.12,799.17,87.93,74.01,Critical,Yes
VEH_005,2026-06-25 22:09:21,92.77,13.97,0.95,33.1,94.32,68.42,3321.55,89.34,100.0,Normal,No
VEH_003,2026-06-25 22:11:17,93.82,14.03,1.02,31.88,94.94,62.85,3407.56,90.72,100.0,Normal,No
VEH_001,2026-06-25 22:11:43,93.06,14.16,0.95,22.24,104.7,75.86,3492.53,87.34,68.94,Critical,Yes
VEH_005,2026-06-25 22:14:09,86.68,13.72,0.61,32.36,0.0,68.37,801.65,89.33,100.0,Normal,No
VEH_002,2026-06-25 22:14:14,90.8,14.1,0.83,22.75,57.86,78.02,2328.74,87.93,71.02,Critical,Yes
VEH_004,2026-06-25 22:14:26,89.63,13.92,0.79,22.27,37.41,89.07,1953.59,90.39,69.06,Critical,Yes
VEH_003,2026-06-25 22:16:23,94.21,14.02,1.06,32.14,101.62,62.7,3426.5,90.71,100.0,Normal,No
VEH_001,2026-06-25 22:16:42,87.86,13.75,0.47,21.59,0.0,75.81,823.99,87.32,66.37,Critical,Yes
VEH_002,2026-06-25 22:19:04,92.02,13.72,0.78,22.28,67.29,77.9,2537.57,87.92,69.12,Critical,Yes
VEH_005,2026-06-25 22:19:09,94.08,13.91,0.99,32.28,99.81,68.22,3385.15,89.32,100.0,Normal,No
VEH_004,2026-06-25 22:19:30,92.19,13.93,0.93,21.73,67.92,88.95,2804.79,90.38,66.94,Critical,Yes
VEH_003,2026-06-25 22:21:31,86.71,13.81,0.58,32.33,0.0,62.65,752.97,90.7,100.0,Normal,No
VEH_001,2026-06-25 22:21:50,94.6,13.77,1.01,20.99,109.39,75.65,3683.23,87.32,63.96,Critical,Yes
VEH_005,2026-06-25 22:24:00,90.1,13.84,0.75,31.94,53.8,68.11,2195.48,89.31,100.0,Normal,No
VEH_002,2026-06-25 22:24:16,89.57,14.03,0.78,21.64,37.27,77.81,1993.4,87.91,66.57,Critical,Yes
VEH_004,2026-06-25 22:24:19,91.95,13.61,0.9,21.27,81.02,88.82,2915.99,90.37,65.09,Critical,Yes
VEH_003,2026-06-25 22:26:32,93.72,13.94,1.04,32.36,104.73,62.5,3716.03,90.69,100.0,Normal,No
VEH_001,2026-06-25 22:26:43,86.95,13.72,0.55,20.38,0.0,75.6,764.86,87.31,61.53,Critical,Yes
VEH_005,2026-06-25 22:28:59,86.63,13.65,0.58,32.52,0.0,68.06,839.77,89.3,100.0,Normal,No
VEH_002,2026-06-25 22:29:08,91.28,14.09,0.83,20.88,74.32,77.69,2878.72,87.9,63.52,Critical,Yes
VEH_004,2026-06-25 22:29:19,86.74,13.82,0.6,20.43,0.0,88.77,815.82,90.36,61.7,Critical,Yes
VEH_003,2026-06-25 22:31:35,91.31,14.12,0.81,32.2,62.27,62.38,2700.69,90.68,100.0,Normal,No
VEH_001,2026-06-25 22:31:48,94.33,13.68,1.0,31.9,109.35,75.45,3613.88,87.29,100.0,Normal,No
VEH_002,2026-06-25 22:33:57,94.56,13.63,1.06,32.03,107.12,77.53,3695.49,87.89,100.0,Normal,No
VEH_005,2026-06-25 22:34:02,87.71,13.78,0.59,32.16,0.0,68.01,838.81,89.29,100.0,Normal,No
VEH_004,2026-06-25 22:34:13,93.77,13.93,1.04,33.19,108.81,88.61,3833.48,90.35,100.0,Normal,No
VEH_003,2026-06-25 22:36:42,86.88,13.79,0.51,31.82,0.0,62.33,770.96,90.68,100.0,Normal,No
VEH_001,2026-06-25 22:36:56,91.6,13.84,0.92,32.77,67.23,75.33,2734.29,87.28,100.0,Normal,No
VEH_002,2026-06-25 22:39:09,91.73,14.0,0.77,32.25,52.33,77.43,2307.71,87.88,100.0,Normal,No
VEH_005,2026-06-25 22:39:11,92.45,13.67,0.94,33.21,76.37,67.89,2938.5,89.28,100.0,Normal,No
VEH_004,2026-06-25 22:39:23,91.4,14.12,0.97,31.99,72.84,88.49,2931.36,90.33,100.0,Normal,No
VEH_001,2026-06-25 22:41:50,94.2,13.99,1.12,32.61,105.66,75.17,3741.81,87.27,100.0,Normal,No
VEH_003,2026-06-25 22:41:51,93.15,13.91,1.01,32.7,101.02,62.18,3604.95,90.67,100.0,Normal,No
VEH_005,2026-06-25 22:43:59,90.76,14.21,0.69,33.2,40.87,67.8,2103.45,89.26,100.0,Normal,No
VEH_002,2026-06-25 22:44:05,91.95,13.98,0.86,33.07,83.78,77.29,2976.45,87.86,100.0,Normal,No
VEH_004,2026-06-25 22:44:17,89.59,13.77,0.8,32.39,45.87,88.39,2149.79,90.33,100.0,Normal,No
VEH_003,2026-06-25 22:46:46,93.28,14.25,0.91,33.14,87.6,62.04,3049.57,90.66,100.0,Normal,No
VEH_001,2026-06-25 22:46:57,90.04,13.71,0.79,32.42,38.77,75.08,2037.67,87.26,100.0,Normal,No
VEH_002,2026-06-25 22:49:04,90.16,13.87,0.8,32.27,45.49,77.2,2192.33,87.85,100.0,Normal,No
VEH_005,2026-06-25 22:49:08,89.63,13.6,0.75,32.17,38.46,67.71,2056.01,89.25,100.0,Normal,No
VEH_004,2026-06-25 22:49:09,94.14,13.99,1.09,32.33,109.87,88.23,3617.65,90.31,100.0,Normal,No
VEH_003,2026-06-25 22:51:32,90.69,13.79,0.72,32.3,46.14,61.95,2209.89,90.65,100.0,Normal,No
VEH_001,2026-06-25 22:51:46,91.95,13.87,0.85,32.89,73.12,74.96,2897.16,87.25,100.0,Normal,No
VEH_004,2026-06-25 22:53:55,92.36,13.9,0.79,31.92,62.94,88.12,2666.87,90.3,100.0,Normal,No
VEH_005,2026-06-25 22:54:06,92.98,13.81,0.83,32.54,72.95,67.59,2912.24,89.24,100.0,Normal,No
VEH_002,2026-06-25 22:54:13,93.01,14.2,1.03,32.12,85.92,77.06,3246.45,87.84,100.0,Normal,No
VEH_003,2026-06-25 22:56:23,87.5,13.78,0.55,32.52,0.0,61.9,838.67,90.64,100.0,Normal,No
VEH_001,2026-06-25 22:56:45,94.81,13.95,1.04,33.19,107.2,74.8,3764.34,87.24,100.0,Normal,No
VEH_004,2026-06-25 22:58:40,93.88,14.21,0.98,31.98,109.21,87.96,3610.22,90.29,100.0,Normal,No
VEH_005,2026-06-25 22:58:51,91.96,13.97,0.93,32.83,69.87,67.47,2816.82,89.22,100.0,Normal,No
VEH_002,2026-06-25 22:58:59,95.09,14.12,1.09,31.91,108.35,76.9,3744.58,87.84,100.0,Normal,No
VEH_003,2026-06-25 23:01:12,90.08,13.7,0.68,32.32,34.48,61.81,1939.03,90.63,100.0,Normal,No
VEH_001,2026-06-25 23:01:30,92.52,13.63,1.0,32.62,82.72,74.67,3035.14,87.24,100.0,Normal,No
VEH_004,2026-06-25 23:03:40,94.32,14.12,1.07,31.87,99.23,87.81,3610.81,90.28,100.0,Normal,No
VEH_005,2026-06-25 23:03:53,88.03,14.15,0.51,32.13,0.0,67.42,844.25,89.21,100.0,Normal,No
VEH_002,2026-06-25 23:04:05,90.25,14.27,0.75,31.93,57.73,76.8,2296.03,87.82,100.0,Normal,No
VEH_003,2026-06-25 23:05:58,87.52,14.12,0.62,32.69,0.0,61.76,842.76,90.62,100.0,Normal,No
VEH_001,2026-06-25 23:06:42,90.0,13.92,0.82,31.85,38.11,74.58,2071.53,87.23,100.0,Normal,No
VEH_004,2026-06-25 23:08:35,86.99,14.09,0.57,32.66,0.0,87.76,830.19,90.27,100.0,Normal,No
VEH_005,2026-06-25 23:09:03,92.73,13.81,0.88,31.94,80.03,67.29,2960.79,89.2,100.0,Normal,No
VEH_002,2026-06-25 23:09:10,89.63,13.91,0.74,33.1,49.83,76.7,2248.09,87.82,100.0,Normal,No
VEH_003,2026-06-25 23:10:54,91.48,13.82,0.83,32.7,81.23,61.63,2914.05,90.61,100.0,Normal,No
VEH_001,2026-06-25 23:11:51,87.88,13.85,0.47,32.14,0.0,74.53,799.77,87.22,100.0,Normal,No
VEH_004,2026-06-25 23:13:22,92.68,13.81,0.85,32.98,82.53,87.63,2943.53,90.26,100.0,Normal,No
VEH_002,2026-06-25 23:13:55,90.0,13.91,0.81,32.6,50.88,76.6,2271.21,87.81,100.0,Normal,No
VEH_005,2026-06-25 23:14:02,92.51,13.63,0.9,32.43,74.49,67.16,2728.98,89.19,100.0,Normal,No
VEH_003,2026-06-25 23:15:42,93.13,13.69,1.07,32.83,96.66,61.49,3470.46,90.6,100.0,Normal,No
VEH_001,2026-06-25 23:16:47,94.1,13.94,1.14,32.12,109.67,74.37,3874.62,87.21,100.0,Normal,No
VEH_004,2026-06-25 23:18:07,94.89,14.2,1.03,32.04,100.34,87.48,3613.15,90.26,100.0,Normal,No
VEH_002,2026-06-25 23:18:57,94.62,13.63,0.93,32.06,104.06,76.44,3475.92,87.79,100.0,Normal,No
VEH_005,2026-06-25 23:19:02,94.77,13.77,1.06,32.85,106.44,67.01,3688.21,89.18,100.0,Normal,No
VEH_003,2026-06-25 23:20:29,86.45,13.8,0.61,32.63,0.0,61.44,816.85,90.6,100.0,Normal,No
VEH_001,2026-06-25 23:21:39,86.05,13.88,0.58,33.12,0.0,74.32,763.48,87.2,100.0,Normal,No
VEH_004,2026-06-25 23:22:59,90.2,14.15,0.69,31.89,32.52,87.4,1751.66,90.24,100.0,Normal,No
VEH_005,2026-06-25 23:23:58,92.43,13.82,0.97,33.17,78.35,66.88,2894.78,89.17,100.0,Normal,No
VEH_002,2026-06-25 23:24:06,87.02,13.91,0.61,32.34,0.0,76.39,847.47,87.79,100.0,Normal,No
VEH_003,2026-06-25 23:25:36,86.84,13.64,0.62,31.76,0.0,61.39,821.41,90.59,100.0,Normal,No
VEH_001,2026-06-25 23:26:42,90.05,13.69,0.72,31.85,39.88,74.23,1985.29,87.19,100.0,Normal,No
VEH_004,2026-06-25 23:27:49,91.85,13.95,0.9,32.19,53.77,87.29,2478.28,90.23,100.0,Normal,No
VEH_005,2026-06-25 23:29:01,90.99,13.81,0.73,32.35,52.32,66.77,2286.42,89.16,100.0,Normal,No
VEH_002,2026-06-25 23:29:15,87.4,14.0,0.6,32.02,0.0,76.34,785.46,87.78,100.0,Normal,No
VEH_003,2026-06-25 23:30:26,93.83,13.92,1.13,31.93,109.65,61.23,3773.33,90.58,100.0,Normal,No
VEH_001,2026-06-25 23:31:56,91.49,13.79,0.78,32.14,59.92,74.12,2458.48,87.18,100.0,Normal,No
VEH_004,2026-06-25 23:32:42,94.02,13.77,1.02,32.67,89.51,87.15,3379.93,90.22,100.0,Normal,No
VEH_002,2026-06-25 23:34:05,90.38,14.01,0.86,32.78,56.54,76.23,2502.8,87.76,100.0,Normal,No
VEH_005,2026-06-25 23:34:11,93.28,13.93,0.97,32.12,91.18,66.63,3164.89,89.16,100.0,Normal,No
VEH_003,2026-06-25 23:35:19,94.0,14.07,1.08,32.66,93.8,61.08,3468.63,90.57,100.0,Normal,No
VEH_001,2026-06-25 23:37:02,90.7,14.07,0.78,32.54,42.24,74.03,2161.87,87.17,100.0,Normal,No
VEH_004,2026-06-25 23:37:29,92.1,13.68,0.95,32.07,90.78,87.01,3194.68,90.21,100.0,Normal,No
VEH_002,2026-06-25 23:39:07,86.24,14.08,0.59,32.43,0.0,76.18,767.18,87.75,100.0,Normal,No
VEH_005,2026-06-25 23:39:13,92.24,13.85,0.96,32.37,72.3,66.51,2816.45,89.15,100.0,Normal,No
VEH_003,2026-06-25 23:40:10,85.91,13.89,0.59,32.54,0.0,61.03,760.92,90.56,100.0,Normal,No
VEH_001,2026-06-25 23:41:52,91.35,13.9,0.78,32.37,61.8,73.92,2397.6,87.16,100.0,Normal,No
VEH_004,2026-06-25 23:42:41,94.13,14.17,1.06,31.92,104.96,86.86,3672.62,90.2,100.0,Normal,No
VEH_002,2026-06-25 23:43:53,94.58,13.69,1.02,33.03,103.5,76.03,3548.45,87.74,100.0,Normal,No
VEH_005,2026-06-25 23:44:25,91.2,14.18,0.81,33.08,43.88,66.42,2214.39,89.14,100.0,Normal,No
VEH_003,2026-06-25 23:45:05,86.85,13.94,0.52,32.49,0.0,60.98,761.17,90.55,100.0,Normal,No
VEH_001,2026-06-25 23:46:38,92.79,13.94,0.83,33.0,63.58,73.81,2723.79,87.15,100.0,Normal,No
VEH_004,2026-06-25 23:47:34,91.36,14.1,0.74,32.02,50.74,86.76,2307.56,90.19,100.0,Normal,No
VEH_002,2026-06-25 23:48:45,89.89,13.86,0.69,32.62,46.79,75.93,2065.65,87.73,100.0,Normal,No
VEH_005,2026-06-25 23:49:17,94.1,13.73,0.92,32.92,91.25,66.28,3349.51,89.12,100.0,Normal,No
VEH_003,2026-06-25 23:49:55,92.73,14.27,0.89,33.01,74.86,60.86,3015.9,90.54,100.0,Normal,No
VEH_001,2026-06-25 23:51:26,90.49,13.74,0.85,32.02,48.31,73.71,2340.48,87.14,100.0,Normal,No
VEH_004,2026-06-25 23:52:42,88.99,13.77,0.79,32.27,30.94,86.68,1816.47,90.18,100.0,Normal,No
VEH_002,2026-06-25 23:53:34,93.13,14.21,0.97,32.75,85.04,75.8,3089.15,87.72,100.0,Normal,No
VEH_005,2026-06-25 23:54:29,90.99,13.84,0.77,32.31,45.39,66.18,2125.0,89.11,100.0,Normal,No
VEH_003,2026-06-25 23:54:47,91.16,13.83,0.83,32.23,50.06,60.76,2117.7,90.54,100.0,Normal,No
VEH_001,2026-06-25 23:56:22,92.84,13.82,0.99,32.17,92.63,73.56,3417.73,87.13,100.0,Normal,No
VEH_004,2026-06-25 23:57:39,92.14,14.04,0.8,32.05,67.53,86.56,2707.39,90.17,100.0,Normal,No
VEH_002,2026-06-25 23:58:47,93.1,14.03,0.9,33.01,80.56,75.67,3023.83,87.7,100.0,Normal,No
VEH_005,2026-06-25 23:59:36,92.75,13.9,0.88,32.74,71.93,66.06,2930.94,89.1,100.0,Normal,No
VEH_003,2026-06-25 23:59:57,91.88,13.64,0.97,32.65,76.36,60.63,2872.08,90.53,100.0,Normal,No
VEH_001,2026-06-26 00:01:35,90.67,14.12,0.75,33.09,60.52,73.45,2391.08,87.11,100.0,Normal,No
VEH_004,2026-06-26 00:02:36,93.97,14.01,0.97,32.38,91.12,86.42,3360.01,90.16,100.0,Normal,No
VEH_002,2026-06-26 00:03:54,86.27,14.18,0.61,32.33,0.0,75.62,768.78,87.7,100.0,Normal,No
VEH_005,2026-06-26 00:04:35,91.41,13.86,0.84,32.25,69.02,65.94,2861.91,89.09,100.0,Normal,No
VEH_003,2026-06-26 00:04:51,91.0,14.03,0.82,31.82,50.75,60.53,2305.59,90.52,100.0,Normal,No
VEH_001,2026-06-26 00:06:33,90.43,14.03,0.81,32.53,61.11,73.34,2502.23,87.1,100.0,Normal,No
VEH_004,2026-06-26 00:07:39,92.31,13.9,0.93,32.67,67.28,86.3,2703.31,90.15,100.0,Normal,No
VEH_002,2026-06-26 00:09:05,87.68,13.85,0.57,32.93,0.0,75.57,825.95,87.69,100.0,Normal,No
VEH_005,2026-06-26 00:09:31,89.36,14.02,0.74,32.21,34.86,65.85,1830.0,89.08,100.0,Normal,No
VEH_003,2026-06-26 00:09:43,93.79,13.94,0.91,32.84,85.35,60.4,3148.98,90.51,100.0,Normal,No
VEH_001,2026-06-26 00:11:31,88.61,13.84,0.69,32.31,33.88,73.26,1808.88,87.09,100.0,Normal,No
VEH_004,2026-06-26 00:12:50,94.26,14.16,1.04,31.98,99.8,86.15,3603.92,90.14,100.0,Normal,No
VEH_002,2026-06-26 00:13:58,93.04,13.62,0.93,32.96,97.09,75.42,3285.3,87.68,100.0,Normal,No
VEH_005,2026-06-26 00:14:37,92.01,13.77,0.84,32.87,72.88,65.73,2750.55,89.07,100.0,Normal,No
VEH_003,2026-06-26 00:14:58,93.56,13.64,1.03,32.0,86.94,60.26,3181.52,90.5,100.0,Normal,No
VEH_001,2026-06-26 00:16:37,94.02,14.14,0.94,33.08,90.62,73.12,3401.33,87.09,100.0,Normal,No
VEH_004,2026-06-26 00:18:05,87.68,13.83,0.59,32.69,0.0,86.1,784.58,90.13,100.0,Normal,No
VEH_002,2026-06-26 00:19:13,92.45,13.79,0.87,33.02,70.9,75.3,2695.36,87.67,100.0,Normal,No
VEH_005,2026-06-26 00:19:38,87.27,13.9,0.6,32.06,0.0,65.68,816.58,89.05,100.0,Normal,No
VEH_003,2026-06-26 00:20:08,89.76,14.11,0.73,32.25,47.56,60.16,2205.15,90.49,100.0,Normal,No
VEH_001,2026-06-26 00:21:27,91.06,14.17,0.84,32.2,55.02,73.01,2454.41,87.08,100.0,Normal,No
VEH_004,2026-06-26 00:23:10,90.87,13.84,0.87,31.91,70.39,85.98,2700.38,90.12,100.0,Normal,No
VEH_002,2026-06-26 00:24:02,92.86,14.08,1.0,32.39,97.6,75.15,3529.86,87.66,100.0,Normal,No
VEH_005,2026-06-26 00:24:40,90.27,14.13,0.69,31.83,33.26,65.6,1837.03,89.04,100.0,Normal,No
VEH_003,2026-06-26 00:25:21,92.82,13.61,1.03,32.89,94.25,60.02,3430.05,90.48,100.0,Normal,No
VEH_001,2026-06-26 00:26:15,88.96,13.73,0.69,32.69,34.05,72.93,1774.5,87.07,100.0,Normal,No
VEH_004,2026-06-26 00:28:02,93.79,13.77,1.01,32.54,86.22,85.84,3129.62,90.11,100.0,Normal,No
VEH_002,2026-06-26 00:29:01,91.46,13.64,0.83,31.9,56.35,75.05,2381.0,87.65,100.0,Normal,No
VEH_005,2026-06-26 00:29:43,86.39,14.2,0.58,32.11,0.0,65.55,767.86,89.03,100.0,Normal,No
VEH_003,2026-06-26 00:30:08,93.22,14.0,1.04,32.01,96.07,59.87,3532.74,90.47,100.0,Normal,No
VEH_001,2026-06-26 00:31:04,93.5,13.98,1.02,32.46,100.61,72.78,3379.83,87.06,100.0,Normal,No
VEH_004,2026-06-26 00:33:17,89.07,13.87,0.72,31.97,39.49,85.75,1876.37,90.1,100.0,Normal,No
VEH_002,2026-06-26 00:34:06,86.67,13.77,0.58,32.25,0.0,75.0,777.81,87.64,100.0,Normal,No
VEH_005,2026-06-26 00:34:42,91.06,13.68,0.83,32.93,65.98,65.43,2739.12,89.02,100.0,Normal,No
VEH_003,2026-06-26 00:34:56,91.27,13.78,0.9,33.17,73.94,59.75,2708.05,90.46,100.0,Normal,No
VEH_001,2026-06-26 00:36:02,91.8,13.69,0.91,32.05,54.09,72.67,2490.11,87.05,100.0,Normal,No
VEH_004,2026-06-26 00:38:17,94.41,14.24,0.99,32.97,99.55,85.6,3631.32,90.09,100.0,Normal,No
VEH_002,2026-06-26 00:39:13,93.59,14.08,1.06,32.73,93.65,74.85,3316.6,87.63,100.0,Normal,No
VEH_005,2026-06-26 00:39:53,86.54,14.0,0.5,32.48,0.0,65.38,812.23,89.01,100.0,Normal,No
VEH_003,2026-06-26 00:40:09,93.13,14.3,0.94,32.43,91.63,59.61,3262.31,90.45,100.0,Normal,No
VEH_001,2026-06-26 00:41:00,90.41,13.8,0.67,32.9,33.92,72.59,1782.49,87.04,100.0,Normal,No
VEH_004,2026-06-26 00:43:05,94.74,14.05,1.1,32.96,106.43,85.45,3570.91,90.08,100.0,Normal,No
VEH_002,2026-06-26 00:44:07,86.51,13.81,0.59,32.48,0.0,74.8,778.02,87.61,100.0,Normal,No
VEH_005,2026-06-26 00:44:44,91.1,13.78,0.86,32.95,53.85,65.28,2348.28,89.0,100.0,Normal,No
VEH_003,2026-06-26 00:45:01,90.26,13.74,0.82,32.42,41.37,59.51,2038.6,90.44,100.0,Normal,No
VEH_001,2026-06-26 00:46:11,93.14,13.97,1.07,32.73,96.74,72.44,3343.96,87.03,100.0,Normal,No
VEH_004,2026-06-26 00:48:06,88.88,14.27,0.7,32.29,36.61,85.36,1868.57,90.07,100.0,Normal,No
VEH_002,2026-06-26 00:49:17,94.28,13.61,1.06,32.76,108.6,74.64,3797.65,87.6,100.0,Normal,No
VEH_005,2026-06-26 00:49:48,93.45,13.66,0.96,32.5,89.66,65.14,3282.97,88.99,100.0,Normal,No
VEH_003,2026-06-26 00:50:15,92.06,13.66,0.96,32.59,86.78,59.38,3142.53,90.43,100.0,Normal,No
VEH_001,2026-06-26 00:51:02,90.69,13.74,0.78,32.23,39.89,72.35,2085.87,87.02,100.0,Normal,No
VEH_004,2026-06-26 00:53:02,86.68,13.78,0.54,32.89,0.0,85.31,797.96,90.06,100.0,Normal,No
VEH_002,2026-06-26 00:54:08,92.6,13.86,0.93,32.95,94.53,74.5,3252.51,87.6,100.0,Normal,No
VEH_005,2026-06-26 00:54:37,91.32,13.7,0.86,32.45,54.91,65.03,2257.14,88.98,100.0,Normal,No
VEH_003,2026-06-26 00:55:10,92.59,13.91,0.87,31.89,71.73,59.26,2787.36,90.42,100.0,Normal,No
VEH_001,2026-06-26 00:56:03,91.63,14.24,0.9,31.86,67.99,72.24,2670.45,87.01,100.0,Normal,No
VEH_004,2026-06-26 00:57:54,94.34,13.66,1.02,32.37,99.52,85.16,3549.58,90.05,100.0,Normal,No
VEH_002,2026-06-26 00:59:11,94.11,14.01,1.0,32.55,104.03,74.35,3479.09,87.59,100.0,Normal,No
VEH_005,2026-06-26 00:59:22,90.61,14.29,0.72,32.22,35.4,64.95,1999.53,88.97,100.0,Normal,No
VEH_003,2026-06-26 01:00:10,91.06,14.21,0.89,32.55,57.5,59.15,2410.31,90.42,100.0,Normal,No
VEH_001,2026-06-26 01:01:06,90.76,13.65,0.94,32.77,72.07,72.11,2704.43,87.0,100.0,Normal,No
VEH_004,2026-06-26 01:03:05,93.4,13.73,1.04,32.6,102.32,85.01,3664.0,90.04,100.0,Normal,No
VEH_002,2026-06-26 01:03:58,90.06,14.22,0.85,32.93,58.19,74.24,2352.68,87.58,100.0,Normal,No
VEH_005,2026-06-26 01:04:29,87.4,14.29,1.3,32.29,0.0,64.9,788.27,88.96,100.0,Normal,No
VEH_003,2026-06-26 01:05:13,85.91,13.61,0.58,32.87,0.0,59.1,751.42,90.4,100.0,Normal,No
VEH_001,2026-06-26 01:05:51,92.66,13.88,0.86,32.44,84.38,71.98,3038.08,86.98,100.0,Normal,No
VEH_004,2026-06-26 01:08:20,91.14,14.12,0.88,32.91,56.03,84.9,2543.66,90.03,100.0,Normal,No
VEH_002,2026-06-26 01:09:10,92.37,13.87,0.96,32.34,88.58,74.1,3286.7,87.57,100.0,Normal,No
VEH_005,2026-06-26 01:09:16,91.29,13.66,1.72,33.21,78.48,64.77,2898.97,88.95,100.0,Normal,No
VEH_003,2026-06-26 01:10:23,92.2,13.81,0.96,32.59,69.12,58.98,2861.47,90.39,100.0,Normal,No
VEH_001,2026-06-26 01:10:51,93.21,13.81,0.9,33.21,81.84,71.85,3028.08,86.98,100.0,Normal,No
VEH_004,2026-06-26 01:13:12,92.66,13.83,0.91,33.0,94.66,84.76,3266.42,90.01,100.0,Normal,No
VEH_002,2026-06-26 01:13:57,92.9,13.66,0.88,33.2,73.83,73.98,2852.92,87.56,100.0,Normal,No
VEH_005,2026-06-26 01:14:02,90.21,14.3,1.97,32.81,45.95,64.67,2129.96,88.93,100.0,Normal,No
VEH_003,2026-06-26 01:15:21,93.7,14.14,1.09,32.66,106.18,58.82,3628.81,90.38,100.0,Normal,No
VEH_001,2026-06-26 01:15:52,89.22,14.23,0.79,32.99,41.81,71.76,2083.21,86.97,100.0,Normal,No
VEH_004,2026-06-26 01:18:13,92.03,13.7,0.78,32.47,64.82,84.64,2644.28,90.0,100.0,Normal,No
VEH_005,2026-06-26 01:18:59,88.55,13.99,2.43,32.62,33.17,64.59,1755.38,88.92,95.7,Warning,Yes
VEH_002,2026-06-26 01:19:12,93.77,13.75,0.96,31.88,80.25,73.85,3120.12,87.56,100.0,Normal,No
VEH_003,2026-06-26 01:20:23,92.21,13.88,0.89,32.18,77.0,58.7,2948.43,90.38,100.0,Normal,No
VEH_001,2026-06-26 01:20:47,90.23,14.26,0.71,32.36,39.12,71.67,1850.94,86.96,100.0,Normal,No
VEH_004,2026-06-26 01:23:09,86.33,14.11,0.58,33.1,0.0,84.59,812.98,89.99,100.0,Normal,No
VEH_005,2026-06-26 01:23:46,93.19,14.17,2.69,32.35,92.96,64.45,3438.4,88.92,93.09,Warning,Yes
VEH_002,2026-06-26 01:24:13,91.3,14.16,0.74,32.15,49.61,73.75,2293.91,87.55,100.0,Normal,No
VEH_003,2026-06-26 01:25:29,91.26,13.77,0.71,32.97,39.5,58.61,2112.82,90.36,100.0,Normal,No
VEH_001,2026-06-26 01:25:34,89.11,14.26,0.65,32.42,36.49,71.58,1823.46,86.95,100.0,Normal,No
VEH_004,2026-06-26 01:28:08,89.08,13.78,0.73,32.47,43.01,84.5,1945.58,89.98,100.0,Normal,No
VEH_005,2026-06-26 01:28:31,92.14,14.18,3.21,32.88,58.93,64.34,2575.38,88.91,87.86,Warning,Yes
VEH_002,2026-06-26 01:29:04,93.86,13.98,0.94,32.67,101.38,73.59,3502.3,87.54,100.0,Normal,No
VEH_003,2026-06-26 01:30:17,91.39,14.11,0.83,32.52,64.55,58.49,2547.81,90.35,100.0,Normal,No
VEH_001,2026-06-26 01:30:27,92.86,13.84,0.95,32.14,83.57,71.45,3186.03,86.94,100.0,Normal,No
VEH_004,2026-06-26 01:33:08,94.12,14.0,1.06,32.69,98.1,84.35,3533.71,89.97,100.0,Normal,No
VEH_005,2026-06-26 01:33:19,91.4,13.97,3.52,32.41,45.99,64.24,2265.76,88.9,84.76,Warning,Yes
VEH_002,2026-06-26 01:34:05,90.91,13.85,0.81,32.72,36.62,73.51,1999.21,87.52,100.0,Normal,No
VEH_003,2026-06-26 01:35:08,90.53,14.07,0.75,32.69,52.3,58.39,2220.89,90.33,100.0,Normal,No
VEH_001,2026-06-26 01:35:29,93.54,14.12,0.89,33.23,79.49,71.32,3023.64,86.93,100.0,Normal,No
VEH_005,2026-06-26 01:38:09,91.83,13.78,4.03,32.54,70.99,64.12,2807.95,88.89,79.67,Warning,Yes
VEH_004,2026-06-26 01:38:22,93.03,14.24,0.92,31.91,94.77,84.21,3276.29,89.96,100.0,Normal,No
VEH_002,2026-06-26 01:39:04,89.41,14.02,0.67,32.36,35.52,73.42,2023.13,87.52,100.0,Normal,No
VEH_003,2026-06-26 01:40:10,86.78,14.24,0.5,32.24,0.0,58.34,772.29,90.32,100.0,Normal,No
VEH_001,2026-06-26 01:40:28,92.1,14.24,0.95,32.12,77.36,71.19,2937.0,86.91,100.0,Normal,No
VEH_005,2026-06-26 01:43:11,93.47,14.3,4.46,32.68,97.96,63.97,3493.69,88.87,75.4,Warning,Yes
VEH_004,2026-06-26 01:43:17,90.42,13.86,0.74,32.6,44.5,84.11,2137.09,89.95,100.0,Normal,No
VEH_002,2026-06-26 01:44:16,90.15,14.14,0.77,32.9,39.45,73.33,1966.93,87.51,100.0,Normal,No
VEH_003,2026-06-26 01:45:03,89.67,13.9,0.69,32.57,39.59,58.25,2043.47,90.3,100.0,Normal,No
VEH_001,2026-06-26 01:45:42,91.84,14.3,0.74,32.69,54.65,71.08,2349.66,86.91,100.0,Normal,No
VEH_004,2026-06-26 01:48:16,91.22,14.22,0.88,33.12,65.8,84.0,2627.64,89.93,100.0,Normal,No
VEH_005,2026-06-26 01:48:19,93.34,13.71,4.92,31.91,103.28,63.82,3710.42,88.86,70.81,Critical,Yes
VEH_002,2026-06-26 01:49:09,90.69,13.84,0.86,32.63,57.78,73.23,2300.23,87.5,100.0,Normal,No
VEH_003,2026-06-26 01:50:08,93.25,14.14,1.07,32.89,98.25,58.1,3599.49,90.29,100.0,Normal,No
VEH_001,2026-06-26 01:50:28,91.78,14.26,0.82,32.51,64.7,70.97,2594.26,86.9,100.0,Normal,No
VEH_005,2026-06-26 01:53:11,91.14,13.82,5.22,32.3,44.36,63.73,2167.52,88.85,67.8,Critical,Yes
VEH_004,2026-06-26 01:53:16,92.45,14.12,0.9,32.5,65.01,83.88,2611.24,89.92,100.0,Normal,No
VEH_002,2026-06-26 01:54:21,93.08,14.28,1.04,32.35,91.91,73.08,3420.4,87.49,100.0,Normal,No
VEH_003,2026-06-26 01:55:20,94.01,14.19,0.96,32.02,105.32,57.95,3537.02,90.28,100.0,Normal,No
VEH_001,2026-06-26 01:55:37,93.44,13.84,0.91,31.96,85.25,70.84,3215.24,86.88,100.0,Normal,No
VEH_005,2026-06-26 01:57:57,92.21,14.04,0.93,32.7,86.4,63.59,3092.06,88.84,100.0,Normal,No
VEH_004,2026-06-26 01:58:10,90.9,13.66,0.8,32.12,45.44,83.79,2221.49,89.91,100.0,Normal,No
VEH_002,2026-06-26 01:59:12,86.69,13.87,0.59,32.3,0.0,73.03,777.66,87.49,100.0,Normal,No
VEH_001,2026-06-26 02:00:27,89.81,14.21,0.86,33.0,50.79,70.73,2206.72,86.88,100.0,Normal,No
VEH_003,2026-06-26 02:00:29,93.83,13.98,0.93,32.04,94.99,57.8,3295.7,90.27,100.0,Normal,No
VEH_005,2026-06-26 02:02:48,86.55,13.98,0.5,32.35,0.0,63.54,835.03,88.83,100.0,Normal,No
VEH_004,2026-06-26 02:03:17,87.71,14.11,0.56,32.97,0.0,83.74,789.94,89.89,100.0,Normal,No
VEH_002,2026-06-26 02:04:18,91.45,13.89,0.81,32.2,77.2,72.91,2813.15,87.48,100.0,Normal,No
VEH_001,2026-06-26 02:05:15,93.45,13.86,0.99,32.74,89.18,70.6,3353.64,86.86,100.0,Normal,No
VEH_003,2026-06-26 02:05:28,92.62,13.6,0.98,32.04,83.42,57.67,2973.31,90.26,100.0,Normal,No
VEH_005,2026-06-26 02:07:47,91.01,14.28,0.84,32.14,61.7,63.43,2451.48,88.82,100.0,Normal,No
VEH_004,2026-06-26 02:08:13,92.58,13.61,0.86,32.1,73.64,83.61,2727.43,89.89,100.0,Normal,No
VEH_002,2026-06-26 02:09:03,86.88,13.74,0.54,32.04,0.0,72.86,786.42,87.46,100.0,Normal,No
VEH_001,2026-06-26 02:10:07,87.45,13.7,0.6,32.71,0.0,70.55,801.33,86.85,100.0,Normal,No
VEH_003,2026-06-26 02:10:15,87.17,14.2,0.55,32.06,0.0,57.62,763.88,90.25,100.0,Normal,No
VEH_005,2026-06-26 02:12:40,90.29,13.82,0.73,32.89,44.93,63.33,2151.22,88.81,100.0,Normal,No
VEH_004,2026-06-26 02:13:24,90.31,14.01,0.83,32.89,46.6,83.52,2311.59,89.88,100.0,Normal,No
VEH_002,2026-06-26 02:14:17,86.29,14.2,0.56,31.79,0.0,72.81,843.66,87.46,100.0,Normal,No
VEH_001,2026-06-26 02:15:10,91.8,13.97,0.94,32.42,69.34,70.43,2751.57,86.85,100.0,Normal,No
VEH_003,2026-06-26 02:15:25,92.69,13.9,1.05,32.51,96.2,57.47,3267.78,90.24,100.0,Normal,No
VEH_005,2026-06-26 02:17:34,91.08,14.04,0.78,32.11,44.93,63.24,2077.85,88.8,100.0,Normal,No
VEH_004,2026-06-26 02:18:36,87.57,14.08,0.61,33.14,0.0,83.47,847.61,89.87,100.0,Normal,No
VEH_002,2026-06-26 02:19:17,93.5,13.72,1.08,32.16,106.08,72.65,3606.43,87.45,100.0,Normal,No
VEH_001,2026-06-26 02:20:16,93.21,13.94,1.02,32.38,86.16,70.29,3176.55,86.84,100.0,Normal,No
VEH_003,2026-06-26 02:20:27,95.03,14.14,0.98,32.77,109.55,57.31,3729.2,90.24,100.0,Normal,No
VEH_005,2026-06-26 02:22:42,93.44,13.83,0.95,33.12,81.57,63.11,3086.78,88.79,100.0,Normal,No
VEH_004,2026-06-26 02:23:32,93.77,13.68,0.98,32.94,85.93,83.33,3262.3,89.86,100.0,Normal,No
VEH_002,2026-06-26 02:24:10,92.57,13.69,0.99,32.81,94.09,72.51,3303.77,87.44,100.0,Normal,No
VEH_001,2026-06-26 02:25:31,90.33,13.73,0.72,31.83,47.75,70.19,2276.4,86.83,100.0,Normal,No
VEH_003,2026-06-26 02:25:42,90.82,14.24,0.83,31.92,55.52,57.21,2417.83,90.23,100.0,Normal,No
VEH_005,2026-06-26 02:27:42,90.06,13.54,0.68,32.77,37.34,63.02,2033.35,88.78,100.0,Normal,No
VEH_004,2026-06-26 02:28:43,93.12,13.7,0.95,31.92,97.53,83.18,3429.21,89.84,100.0,Normal,No
VEH_002,2026-06-26 02:29:10,91.04,13.89,0.79,32.73,51.65,72.4,2168.41,87.43,100.0,Normal,No
VEH_001,2026-06-26 02:30:19,94.26,14.19,1.0,32.64,90.26,70.05,3331.37,86.83,100.0,Normal,No
VEH_003,2026-06-26 02:30:56,92.27,13.61,0.87,32.91,64.92,57.09,2724.51,90.22,100.0,Normal,No
VEH_005,2026-06-26 02:32:50,93.75,13.36,0.93,32.74,90.23,62.88,3197.55,88.77,97.11,Warning,Yes
VEH_004,2026-06-26 02:33:38,93.58,14.17,0.88,32.05,83.5,83.05,3111.68,89.83,100.0,Normal,No
VEH_002,2026-06-26 02:34:11,92.35,13.84,0.87,32.76,67.84,72.29,2815.47,87.41,100.0,Normal,No
VEH_001,2026-06-26 02:35:28,92.6,13.85,0.91,32.79,71.47,69.93,2931.78,86.81,100.0,Normal,No
VEH_003,2026-06-26 02:35:51,91.31,13.98,0.86,33.19,72.3,56.97,2716.62,90.21,100.0,Normal,No
VEH_005,2026-06-26 02:37:42,93.34,13.13,0.98,32.17,78.19,62.75,2956.8,88.76,92.7,Warning,Yes
VEH_004,2026-06-26 02:38:34,93.44,13.66,0.94,32.63,93.92,82.91,3247.54,89.82,100.0,Normal,No
VEH_002,2026-06-26 02:39:06,93.33,14.28,1.02,31.91,92.61,72.14,3272.38,87.4,100.0,Normal,No
VEH_001,2026-06-26 02:40:39,90.02,14.09,0.83,32.21,42.18,69.84,2098.62,86.8,100.0,Normal,No
VEH_003,2026-06-26 02:40:46,94.09,13.97,1.01,33.21,105.62,56.81,3716.56,90.2,100.0,Normal,No
VEH_005,2026-06-26 02:42:46,94.57,12.9,1.05,31.88,108.04,62.59,3619.9,88.75,88.06,Warning,Yes
VEH_004,2026-06-26 02:43:44,93.65,13.86,0.97,32.22,87.6,82.77,3118.87,89.81,100.0,Normal,No
VEH_002,2026-06-26 02:43:54,94.2,13.92,1.01,31.92,104.65,71.99,3563.1,87.39,100.0,Normal,No
VEH_001,2026-06-26 02:45:30,94.29,14.18,0.95,33.02,98.67,69.69,3452.01,86.8,100.0,Normal,No
VEH_003,2026-06-26 02:45:48,89.84,14.05,0.84,32.24,49.08,56.71,2298.93,90.19,100.0,Normal,No
VEH_005,2026-06-26 02:47:39,91.44,12.69,0.84,32.54,57.7,62.49,2575.25,88.75,83.83,Warning,Yes
VEH_002,2026-06-26 02:48:47,93.46,14.24,0.94,32.43,84.15,71.85,3149.03,87.38,100.0,Normal,No
VEH_004,2026-06-26 02:48:50,91.93,14.05,0.82,32.63,72.74,82.65,2673.66,89.8,100.0,Normal,No
VEH_001,2026-06-26 02:50:21,86.45,13.82,0.61,32.25,0.0,69.64,800.97,86.79,100.0,Normal,No
VEH_003,2026-06-26 02:50:54,93.13,13.85,1.0,32.68,101.98,56.56,3604.36,90.18,100.0,Normal,No
VEH_005,2026-06-26 02:52:41,92.83,12.43,0.93,33.14,77.37,62.36,2978.93,88.74,78.64,Warning,Yes
VEH_002,2026-06-26 02:53:48,93.01,13.78,1.0,31.9,82.53,71.72,3133.19,87.38,100.0,Normal,No
VEH_004,2026-06-26 02:54:00,92.78,14.01,0.92,32.11,76.64,82.52,2953.72,89.79,100.0,Normal,No
VEH_001,2026-06-26 02:55:27,95.24,13.82,1.11,32.08,107.31,69.48,3829.82,86.77,100.0,Normal,No
VEH_003,2026-06-26 02:56:03,94.81,13.93,1.02,31.96,97.73,56.41,3537.22,90.16,100.0,Normal,No
VEH_005,2026-06-26 02:57:47,87.83,12.19,0.51,32.51,0.0,62.31,784.99,88.73,73.71,Warning,Yes
VEH_002,2026-06-26 02:58:39,91.36,14.07,0.81,32.49,59.73,71.61,2517.65,87.37,100.0,Normal,No
VEH_004,2026-06-26 02:59:03,93.83,14.08,0.92,32.18,86.95,82.38,3293.95,89.78,100.0,Normal,No
VEH_001,2026-06-26 03:00:32,93.83,14.0,0.99,32.79,95.15,69.34,3352.06,86.76,100.0,Normal,No
VEH_003,2026-06-26 03:00:52,91.12,13.82,0.88,32.3,65.99,56.3,2671.52,90.15,100.0,Normal,No
VEH_005,2026-06-26 03:02:53,92.8,11.94,0.88,32.61,72.37,62.19,2796.81,88.72,68.74,Critical,Yes
VEH_002,2026-06-26 03:03:53,90.57,14.08,0.78,31.83,58.36,71.5,2346.61,87.36,100.0,Normal,No
VEH_004,2026-06-26 03:03:57,86.78,13.71,0.49,31.79,0.0,82.33,790.46,89.77,100.0,Normal,No
VEH_001,2026-06-26 03:05:30,87.91,14.23,0.49,31.91,0.0,69.29,826.97,86.76,100.0,Normal,No
VEH_003,2026-06-26 03:06:07,93.71,13.92,1.1,32.74,103.63,56.15,3668.58,90.14,100.0,Normal,No
VEH_005,2026-06-26 03:07:54,91.95,11.76,0.83,32.02,52.93,62.08,2406.43,88.72,65.21,Critical,Yes
VEH_004,2026-06-26 03:08:47,91.71,14.17,0.9,32.74,59.29,82.22,2440.06,89.76,100.0,Normal,No
VEH_002,2026-06-26 03:09:05,95.05,14.25,1.1,32.41,104.92,71.35,3750.0,87.35,100.0,Normal,No
VEH_001,2026-06-26 03:10:31,92.25,14.16,0.79,31.91,57.94,69.18,2571.84,86.75,100.0,Normal,No
VEH_003,2026-06-26 03:11:14,90.77,14.18,0.95,31.83,62.93,56.03,2692.72,90.13,100.0,Normal,No
VEH_005,2026-06-26 03:13:02,92.98,11.56,1.01,31.92,100.48,61.93,3500.81,88.7,61.23,Critical,Yes
VEH_004,2026-06-26 03:13:37,89.45,14.2,0.72,32.97,35.64,82.14,1918.1,89.75,100.0,Normal,No
VEH_002,2026-06-26 03:14:15,91.64,13.7,0.93,31.89,82.32,71.22,2921.79,87.34,100.0,Normal,No
VEH_001,2026-06-26 03:15:42,90.79,13.67,0.9,32.08,64.4,69.06,2517.27,86.74,100.0,Normal,No
VEH_003,2026-06-26 03:16:20,90.63,13.93,0.76,31.83,55.69,55.93,2308.66,90.12,100.0,Normal,No
VEH_005,2026-06-26 03:18:10,89.6,14.21,0.86,33.06,43.39,61.84,2198.71,88.7,100.0,Normal,No
VEH_004,2026-06-26 03:18:28,94.74,14.02,0.97,32.87,103.64,81.98,3600.39,89.74,100.0,Normal,No
VEH_002,2026-06-26 03:19:30,91.32,14.22,0.79,32.93,67.34,71.1,2642.46,87.33,100.0,Normal,No
VEH_001,2026-06-26 03:20:50,87.19,13.87,0.56,32.49,0.0,69.01,796.74,86.74,100.0,Normal,No
VEH_003,2026-06-26 03:21:26,86.18,13.98,0.55,32.34,0.0,55.88,824.45,90.11,100.0,Normal,No
VEH_005,2026-06-26 03:23:12,92.37,13.82,0.93,32.38,76.4,61.71,3042.17,88.68,100.0,Normal,No
VEH_004,2026-06-26 03:23:39,91.42,13.8,0.88,33.01,78.63,81.85,2834.41,89.72,100.0,Normal,No
VEH_002,2026-06-26 03:24:16,90.39,13.75,0.7,32.64,30.37,71.02,1758.46,87.32,100.0,Normal,No
VEH_001,2026-06-26 03:26:02,95.25,13.76,1.04,33.14,109.86,68.85,3758.39,86.72,100.0,Normal,No
VEH_003,2026-06-26 03:26:15,89.4,14.09,0.69,32.59,30.04,55.8,1662.78,90.1,100.0,Normal,No
VEH_005,2026-06-26 03:28:15,93.61,13.74,1.04,33.18,101.79,61.56,3428.16,88.67,100.0,Normal,No
VEH_004,2026-06-26 03:28:36,90.35,13.96,0.69,33.03,41.64,81.76,1945.49,89.71,100.0,Normal,No
VEH_002,2026-06-26 03:29:10,87.73,14.07,0.55,32.68,0.0,70.97,782.0,87.31,100.0,Normal,No
VEH_001,2026-06-26 03:31:15,87.28,13.74,0.53,32.86,0.0,68.8,762.74,86.72,100.0,Normal,No
VEH_003,2026-06-26 03:31:16,92.37,13.84,1.0,32.01,81.89,55.66,2987.21,90.09,100.0,Normal,No
VEH_005,2026-06-26 03:33:26,85.95,13.78,0.58,32.45,0.0,61.51,760.11,88.66,100.0,Normal,No
VEH_004,2026-06-26 03:33:41,92.55,13.69,0.89,32.59,75.92,81.64,3008.56,89.7,100.0,Normal,No
VEH_002,2026-06-26 03:34:24,95.0,14.17,1.09,33.26,105.67,70.81,3708.47,87.29,100.0,Normal,No
VEH_001,2026-06-26 03:36:02,91.72,13.86,0.88,32.6,83.06,68.67,2961.61,86.71,100.0,Normal,No
VEH_003,2026-06-26 03:36:09,93.45,14.15,1.05,33.01,103.82,55.51,3458.81,90.08,100.0,Normal,No
VEH_005,2026-06-26 03:38:31,92.74,14.16,1.01,33.17,82.31,61.38,3188.1,88.65,100.0,Normal,No
VEH_004,2026-06-26 03:38:38,93.44,13.76,1.11,33.25,108.52,81.48,3725.52,89.69,100.0,Normal,No
VEH_002,2026-06-26 03:39:29,92.58,13.93,0.83,32.35,66.6,70.7,2695.95,87.28,100.0,Normal,No
VEH_003,2026-06-26 03:41:16,91.51,14.03,0.86,32.99,65.03,55.4,2493.01,90.08,100.0,Normal,No
VEH_001,2026-06-26 03:41:17,90.51,13.64,0.84,33.16,64.78,68.56,2561.85,86.7,100.0,Normal,No
VEH_005,2026-06-26 03:43:42,95.51,14.18,1.05,33.16,109.5,61.22,3821.59,88.63,100.0,Normal,No
VEH_004,2026-06-26 03:43:44,91.05,13.84,0.82,32.76,50.86,81.38,2349.15,89.68,100.0,Normal,No
VEH_002,2026-06-26 03:44:36,93.12,13.95,1.05,32.22,100.78,70.55,3610.31,87.27,100.0,Normal,No
VEH_003,2026-06-26 03:46:06,93.39,13.89,0.9,32.06,93.1,55.25,3208.14,90.07,100.0,Normal,No
VEH_001,2026-06-26 03:46:28,91.11,14.16,0.9,32.03,64.28,68.44,2741.71,86.69,100.0,Normal,No
VEH_004,2026-06-26 03:48:36,91.11,14.27,0.95,32.58,73.19,81.25,2839.41,89.67,100.0,Normal,No
VEH_005,2026-06-26 03:48:56,92.51,13.62,0.83,32.56,70.37,61.1,2757.34,88.62,100.0,Normal,No
VEH_002,2026-06-26 03:49:34,90.95,13.98,0.93,32.6,63.75,70.43,2741.75,87.26,100.0,Normal,No
VEH_003,2026-06-26 03:51:08,91.97,13.81,0.84,32.55,66.71,55.14,2653.57,90.05,100.0,Normal,No
VEH_001,2026-06-26 03:51:36,91.1,13.64,0.79,32.87,60.92,68.33,2438.63,86.68,100.0,Normal,No
VEH_005,2026-06-26 03:53:43,90.38,13.98,0.81,32.11,47.03,61.0,2314.46,88.61,100.0,Normal,No
VEH_004,2026-06-26 03:53:48,93.01,13.77,0.89,33.05,91.9,81.11,3180.2,89.66,100.0,Normal,No
VEH_002,2026-06-26 03:54:40,94.55,13.96,1.06,32.13,94.06,70.29,3478.47,87.25,100.0,Normal,No
VEH_003,2026-06-26 03:56:00,86.04,13.84,0.58,32.97,0.0,55.09,796.12,90.05,100.0,Normal,No
VEH_001,2026-06-26 03:56:51,90.3,13.89,0.71,32.14,45.38,68.24,2116.93,86.67,100.0,Normal,No
VEH_004,2026-06-26 03:58:44,86.92,13.73,0.59,31.96,0.0,81.06,815.22,89.64,100.0,Normal,No
VEH_005,2026-06-26 03:58:53,94.54,13.97,1.01,31.88,109.58,60.84,3730.48,88.6,100.0,Normal,No
VEH_002,2026-06-26 03:59:34,89.31,13.77,0.76,32.81,30.47,70.21,1746.34,87.23,100.0,Normal,No
VEH_003,2026-06-26 04:01:03,89.39,14.14,0.75,32.29,34.86,55.0,1858.98,90.04,100.0,Normal,No
VEH_001,2026-06-26 04:02:02,93.17,13.64,1.01,32.94,89.25,68.1,3329.34,86.66,100.0,Normal,No
VEH_005,2026-06-26 04:03:41,90.97,14.1,0.73,32.3,47.22,60.75,2121.46,88.6,100.0,Normal,No
VEH_004,2026-06-26 04:03:53,90.55,14.26,0.7,32.29,49.05,80.96,2094.3,89.63,100.0,Normal,No
VEH_002,2026-06-26 04:04:40,90.99,14.0,0.68,33.17,43.72,70.11,2038.08,87.22,100.0,Normal,No
VEH_003,2026-06-26 04:05:51,86.45,14.19,0.48,32.64,0.0,54.95,795.32,90.03,100.0,Normal,No
VEH_001,2026-06-26 04:06:55,91.06,13.97,0.72,32.32,47.7,68.0,2238.34,86.65,100.0,Normal,No
VEH_005,2026-06-26 04:08:38,90.27,14.22,0.78,32.88,50.34,60.64,2178.71,88.59,100.0,Normal,No
VEH_004,2026-06-26 04:08:55,92.06,13.93,0.9,32.24,56.02,80.86,2469.17,89.62,100.0,Normal,No
VEH_002,2026-06-26 04:09:40,93.54,13.77,1.07,32.54,107.96,69.96,3663.01,87.21,100.0,Normal,No
VEH_003,2026-06-26 04:10:36,90.94,14.09,0.9,32.16,69.62,54.83,2727.03,90.02,100.0,Normal,No
VEH_001,2026-06-26 04:12:08,87.02,14.13,0.48,32.04,0.0,67.95,840.67,86.64,100.0,Normal,No
VEH_005,2026-06-26 04:13:43,93.16,14.18,0.84,32.85,73.93,60.52,2952.56,88.58,100.0,Normal,No
VEH_004,2026-06-26 04:13:48,90.02,14.04,0.68,32.04,42.56,80.77,2025.37,89.61,100.0,Normal,No
VEH_002,2026-06-26 04:14:33,95.23,14.19,1.12,31.92,109.82,69.8,3741.55,87.2,100.0,Normal,No
VEH_003,2026-06-26 04:15:37,93.13,13.88,0.88,32.11,82.02,54.7,2912.32,90.01,100.0,Normal,No
VEH_001,2026-06-26 04:16:58,86.12,14.28,0.46,32.03,0.0,67.9,759.28,86.63,100.0,Normal,No
VEH_004,2026-06-26 04:18:36,93.25,14.2,1.05,33.01,95.02,80.62,3323.14,89.6,100.0,Normal,No
VEH_005,2026-06-26 04:18:36,94.71,14.1,1.08,32.2,109.61,60.36,3704.11,88.56,100.0,Normal,No
VEH_002,2026-06-26 04:19:32,92.36,14.03,0.96,32.48,73.95,69.67,2847.91,87.19,100.0,Normal,No
VEH_003,2026-06-26 04:20:51,90.58,14.01,0.82,32.42,62.02,54.59,2622.0,90.0,100.0,Normal,No
VEH_001,2026-06-26 04:22:08,93.19,14.04,1.02,32.74,78.81,67.77,3096.58,86.62,100.0,Normal,No
VEH_005,2026-06-26 04:23:38,86.51,13.63,0.57,33.1,0.0,60.31,774.29,88.55,100.0,Normal,No
VEH_004,2026-06-26 04:23:42,91.21,14.06,0.94,32.3,71.14,80.5,2721.12,89.6,100.0,Normal,No
VEH_002,2026-06-26 04:24:28,87.48,14.01,0.49,32.51,0.0,69.62,785.53,87.17,100.0,Normal,No
VEH_003,2026-06-26 04:25:55,90.81,13.89,0.81,32.63,50.35,54.49,2194.46,90.0,100.0,Normal,No
VEH_001,2026-06-26 04:27:05,86.14,13.63,0.5,32.35,0.0,67.72,838.9,86.62,100.0,Normal,No
VEH_004,2026-06-26 04:28:41,86.42,13.64,0.56,32.48,0.0,80.45,794.73,89.58,100.0,Normal,No
VEH_005,2026-06-26 04:28:44,92.44,13.68,1.02,32.53,85.57,60.18,3182.33,88.54,100.0,Normal,No
VEH_002,2026-06-26 04:29:43,90.61,13.9,0.74,33.16,44.14,69.53,2246.87,87.16,100.0,Normal,No
VEH_003,2026-06-26 04:30:46,91.3,13.86,0.86,32.44,74.26,54.36,2782.23,89.99,100.0,Normal,No
VEH_001,2026-06-26 04:31:54,87.29,13.88,0.54,32.03,0.0,67.67,804.94,86.61,100.0,Normal,No
VEH_005,2026-06-26 04:33:34,86.71,13.68,0.5,32.84,0.0,60.13,797.0,88.53,100.0,Normal,No
VEH_004,2026-06-26 04:33:39,92.8,14.26,0.82,32.4,64.35,80.33,2722.91,89.57,100.0,Normal,No
VEH_002,2026-06-26 04:34:49,92.74,13.69,1.03,32.83,90.92,69.39,3145.56,87.15,100.0,Normal,No
VEH_003,2026-06-26 04:35:46,94.08,14.03,1.03,32.59,99.92,54.21,3510.94,89.98,100.0,Normal,No
VEH_001,2026-06-26 04:36:50,93.03,13.9,0.97,32.59,92.32,67.53,3169.1,86.6,100.0,Normal,No
VEH_005,2026-06-26 04:38:26,90.7,13.85,0.92,32.32,61.17,60.01,2658.5,88.52,100.0,Normal,No
VEH_004,2026-06-26 04:38:34,92.56,13.7,0.8,32.53,74.01,80.21,2754.04,89.56,100.0,Normal,No
VEH_002,2026-06-26 04:39:55,92.03,13.92,0.91,31.96,73.03,69.26,2737.87,87.15,100.0,Normal,No
VEH_003,2026-06-26 04:40:37,91.46,14.17,0.8,32.7,58.49,54.1,2437.34,89.97,100.0,Normal,No
VEH_001,2026-06-26 04:41:54,93.24,13.6,0.97,33.03,90.3,67.39,3249.59,86.59,100.0,Normal,No
VEH_005,2026-06-26 04:43:21,91.12,13.9,0.96,32.59,66.86,59.9,2818.87,88.51,100.0,Normal,No
VEH_004,2026-06-26 04:43:22,92.4,13.99,1.02,33.06,89.96,80.07,3196.77,89.55,100.0,Normal,No
VEH_002,2026-06-26 04:45:03,93.13,14.14,0.97,32.23,91.5,69.12,3309.75,87.13,100.0,Normal,No
VEH_003,2026-06-26 04:45:37,89.62,13.67,0.83,32.05,47.48,54.01,2059.24,89.96,100.0,Normal,No
VEH_001,2026-06-26 04:46:46,87.42,13.84,0.59,32.2,0.0,67.34,759.07,86.58,100.0,Normal,No
VEH_004,2026-06-26 04:48:20,92.45,13.88,0.97,32.68,77.94,79.94,2807.08,89.53,100.0,Normal,No
VEH_005,2026-06-26 04:48:31,89.7,13.81,0.75,32.35,35.1,59.81,1814.33,88.5,100.0,Normal,No
VEH_002,2026-06-26 04:50:08,93.55,14.27,0.94,32.91,89.88,68.98,3272.72,87.12,100.0,Normal,No
VEH_003,2026-06-26 04:50:22,92.48,13.9,0.9,32.63,89.98,53.87,3150.37,89.95,100.0,Normal,No
VEH_001,2026-06-26 04:51:35,91.54,14.21,0.77,32.96,49.45,67.24,2229.57,86.57,100.0,Normal,No
VEH_004,2026-06-26 04:53:11,90.81,14.08,0.93,32.73,71.41,79.82,2676.2,89.53,100.0,Normal,No
VEH_005,2026-06-26 04:53:28,92.98,14.16,1.03,32.47,91.06,59.67,3249.11,88.5,100.0,Normal,No
VEH_002,2026-06-26 04:55:01,95.04,13.8,1.06,33.25,101.82,68.83,3658.05,87.11,100.0,Normal,No
VEH_003,2026-06-26 04:55:28,90.6,14.22,0.77,33.13,48.44,53.77,2308.27,89.94,100.0,Normal,No
VEH_001,2026-06-26 04:56:32,86.56,13.64,0.56,32.94,0.0,67.19,843.37,86.56,100.0,Normal,No
VEH_004,2026-06-26 04:58:01,91.81,14.22,1.01,33.04,81.28,79.69,3039.02,89.52,100.0,Normal,No
VEH_005,2026-06-26 04:58:20,93.53,13.93,1.04,32.08,95.65,59.53,3337.95,88.49,100.0,Normal,No
VEH_002,2026-06-26 05:00:14,87.92,13.91,0.6,32.87,0.0,68.78,788.63,87.1,100.0,Normal,No
VEH_003,2026-06-26 05:00:16,92.57,14.07,0.86,31.85,77.53,53.64,2812.49,89.93,100.0,Normal,No
VEH_001,2026-06-26 05:01:33,91.05,14.13,0.75,31.97,39.79,67.1,2077.88,86.55,100.0,Normal,No
VEH_004,2026-06-26 05:02:54,89.4,14.08,0.79,31.84,38.35,79.6,1904.37,89.5,100.0,Normal,No
VEH_005,2026-06-26 05:03:11,93.93,14.06,0.95,33.01,90.73,59.39,3262.43,88.47,100.0,Normal,No
VEH_002,2026-06-26 05:05:01,90.83,13.68,0.88,31.99,63.49,68.67,2616.0,87.09,100.0,Normal,No
VEH_003,2026-06-26 05:05:11,92.41,13.95,1.02,32.85,91.47,53.5,3365.06,89.92,100.0,Normal,No
VEH_001,2026-06-26 05:06:31,89.99,13.69,0.78,32.86,34.02,67.01,1763.29,86.54,100.0,Normal,No
VEH_004,2026-06-26 05:07:40,92.86,13.7,1.04,32.12,94.92,79.46,3342.33,89.5,100.0,Normal,No
VEH_005,2026-06-26 05:08:14,94.07,13.93,0.93,32.0,91.83,59.24,3373.33,88.46,100.0,Normal,No
VEH_002,2026-06-26 05:09:55,91.94,13.7,0.97,32.35,86.08,68.53,3130.69,87.08,100.0,Normal,No
VEH_003,2026-06-26 05:10:20,92.03,14.0,0.84,31.91,73.86,53.38,2820.77,89.91,100.0,Normal,No
VEH_001,2026-06-26 05:11:33,92.31,13.79,0.83,33.21,70.93,66.89,2699.45,86.53,100.0,Normal,No
VEH_004,2026-06-26 05:12:47,90.35,13.87,0.78,32.69,39.01,79.37,1920.33,89.48,100.0,Normal,No
VEH_005,2026-06-26 05:13:12,91.66,14.02,0.89,32.93,76.08,59.12,2924.66,88.45,100.0,Normal,No
VEH_002,2026-06-26 05:14:56,91.91,13.86,1.23,32.11,80.86,68.4,2976.54,87.07,100.0,Normal,No
VEH_003,2026-06-26 05:15:18,90.14,13.76,0.78,31.85,31.47,53.29,1832.92,89.9,100.0,Normal,No
VEH_001,2026-06-26 05:16:41,94.32,13.67,0.97,32.2,101.45,66.74,3598.27,86.53,100.0,Normal,No
VEH_004,2026-06-26 05:17:55,94.15,13.79,0.98,31.92,104.94,79.21,3691.98,89.48,100.0,Normal,No
VEH_005,2026-06-26 05:18:06,86.48,14.07,0.49,32.15,0.0,59.07,804.36,85.76,100.0,Normal,No
VEH_002,2026-06-26 05:19:49,93.64,14.16,1.55,33.17,94.54,68.26,3362.46,87.05,100.0,Normal,No
VEH_003,2026-06-26 05:20:26,89.24,14.13,0.75,33.07,41.26,53.2,1997.79,89.89,100.0,Normal,No
VEH_001,2026-06-26 05:21:30,94.35,14.03,1.1,32.02,101.9,66.59,3618.39,86.52,100.0,Normal,No
VEH_004,2026-06-26 05:23:08,91.78,13.76,0.88,32.48,81.18,79.08,3101.27,89.47,100.0,Normal,No
VEH_005,2026-06-26 05:23:21,89.4,13.97,0.69,32.19,37.13,58.98,1894.59,82.02,100.0,Normal,No
VEH_002,2026-06-26 05:24:40,87.35,13.97,1.94,31.82,0.0,68.21,840.69,87.04,100.0,Normal,No
VEH_003,2026-06-26 05:25:20,86.69,13.7,0.47,32.63,0.0,53.15,796.49,89.88,100.0,Normal,No
VEH_001,2026-06-26 05:26:23,93.38,13.94,1.13,33.12,105.33,66.43,3751.32,86.51,100.0,Normal,No
VEH_005,2026-06-26 05:28:09,86.83,13.61,0.56,31.91,0.0,58.93,838.69,79.59,100.0,Normal,No
VEH_004,2026-06-26 05:28:19,86.55,13.62,0.56,32.52,0.0,79.03,779.88,89.46,100.0,Normal,No
VEH_002,2026-06-26 05:29:38,90.81,13.74,2.46,32.28,53.87,68.1,2459.42,87.04,95.39,Warning,Yes
VEH_003,2026-06-26 05:30:23,93.78,14.02,0.97,33.04,96.75,53.01,3288.1,89.88,100.0,Normal,No
VEH_001,2026-06-26 05:31:16,92.74,13.86,1.02,32.67,94.24,66.29,3234.9,86.5,100.0,Normal,No
VEH_005,2026-06-26 05:33:03,89.46,14.16,0.81,32.77,43.87,58.84,1968.92,76.97,100.0,Normal,No
VEH_004,2026-06-26 05:33:05,93.5,13.66,0.97,32.56,99.31,78.88,3627.53,89.45,100.0,Normal,No
VEH_002,2026-06-26 05:34:52,91.86,13.7,2.89,31.91,58.99,67.99,2415.47,87.02,91.14,Warning,Yes
VEH_003,2026-06-26 05:35:20,92.5,14.06,0.94,31.86,84.91,52.87,2991.12,89.87,100.0,Normal,No
VEH_001,2026-06-26 05:36:25,93.75,13.92,0.98,32.94,92.99,66.15,3446.99,86.49,100.0,Normal,No
VEH_004,2026-06-26 05:37:51,87.41,13.67,0.61,32.2,0.0,78.83,794.93,89.43,100.0,Normal,No
VEH_005,2026-06-26 05:37:54,95.27,14.26,1.05,32.64,107.67,58.68,3762.59,74.43,100.0,Normal,No
VEH_002,2026-06-26 05:40:00,91.2,13.82,3.16,32.72,59.21,67.88,2429.65,87.01,88.38,Warning,Yes
VEH_003,2026-06-26 05:40:18,91.37,14.16,0.72,32.48,55.3,52.77,2275.38,89.86,100.0,Normal,No
VEH_001,2026-06-26 05:41:17,93.76,13.88,1.05,32.62,94.59,66.0,3498.69,86.48,100.0,Normal,No
VEH_004,2026-06-26 05:42:48,91.13,14.13,0.89,32.69,54.62,78.73,2480.69,89.43,100.0,Normal,No
VEH_005,2026-06-26 05:43:01,89.68,13.9,0.74,32.96,41.63,58.59,1973.1,70.83,100.0,Normal,No
VEH_002,2026-06-26 05:44:57,89.08,14.14,3.72,32.54,32.81,67.8,1685.77,87.0,82.76,Warning,Yes
VEH_003,2026-06-26 05:45:05,92.79,13.83,0.86,32.1,77.57,52.64,2907.98,89.86,100.0,Normal,No
VEH_001,2026-06-26 05:46:06,93.35,14.25,1.02,33.08,83.6,65.87,3143.0,86.48,100.0,Normal,No
VEH_004,2026-06-26 05:48:01,92.26,13.62,0.87,32.51,58.37,78.62,2583.54,89.42,100.0,Normal,No
VEH_005,2026-06-26 05:48:12,90.11,13.77,0.54,32.85,0.0,58.54,805.19,66.93,96.93,Warning,Yes
VEH_003,2026-06-26 05:49:57,90.47,14.29,0.69,32.25,43.86,52.54,1976.19,89.85,100.0,Normal,No
VEH_002,2026-06-26 05:50:07,88.06,14.16,4.29,32.08,0.0,67.75,839.94,86.99,77.07,Warning,Yes
VEH_001,2026-06-26 05:50:57,91.06,13.99,0.84,31.93,65.09,65.75,2746.65,86.47,100.0,Normal,No
VEH_004,2026-06-26 05:53:06,91.97,13.87,0.84,32.92,70.98,78.5,2648.5,89.41,100.0,Normal,No
VEH_005,2026-06-26 05:53:09,91.8,14.11,0.54,31.93,0.0,58.49,790.5,64.15,94.15,Warning,Yes
VEH_003,2026-06-26 05:55:10,90.1,13.71,0.74,32.32,31.92,52.46,1895.3,89.84,100.0,Normal,No
VEH_002,2026-06-26 05:55:14,92.92,13.75,4.8,32.53,77.83,67.62,2940.72,86.99,71.97,Critical,Yes
VEH_001,2026-06-26 05:56:09,94.13,13.64,1.01,32.97,86.28,65.62,3300.12,86.46,100.0,Normal,No
VEH_004,2026-06-26 05:58:04,92.18,14.19,1.2,32.81,80.28,78.37,2994.43,89.4,100.0,Normal,No
VEH_005,2026-06-26 05:58:20,97.08,13.99,0.79,31.97,61.48,58.38,2567.01,61.74,91.74,Warning,Yes
VEH_003,2026-06-26 06:00:08,91.39,13.85,0.88,32.35,72.04,52.34,2825.53,89.83,100.0,Normal,No
VEH_002,2026-06-26 06:00:27,92.16,14.12,5.27,32.49,70.11,67.5,2800.42,86.98,67.28,Critical,Yes
VEH_001,2026-06-26 06:01:09,89.54,14.23,0.84,33.13,39.21,65.53,2115.34,86.44,100.0,Normal,No
VEH_004,2026-06-26 06:02:52,91.08,13.74,1.51,32.25,72.64,78.25,2749.97,89.39,100.0,Normal,No
VEH_005,2026-06-26 06:03:30,98.7,14.09,0.79,32.89,56.23,58.27,2299.58,59.09,89.09,Warning,Yes
VEH_003,2026-06-26 06:04:57,90.78,14.09,1.14,32.39,61.9,52.23,2449.03,89.82,100.0,Normal,No
VEH_002,2026-06-26 06:05:14,89.24,13.81,5.68,31.88,35.16,67.42,1801.16,86.97,63.24,Critical,Yes
VEH_001,2026-06-26 06:06:05,92.19,13.72,0.94,33.06,87.96,65.39,3153.55,86.43,100.0,Normal,No
VEH_004,2026-06-26 06:08:02,87.03,14.25,1.77,31.86,0.0,78.2,772.08,89.38,100.0,Normal,No
VEH_005,2026-06-26 06:08:16,100.88,13.61,0.77,32.45,30.1,58.19,1787.58,56.47,84.71,Warning,Yes
VEH_003,2026-06-26 06:09:54,94.85,14.06,1.44,31.95,100.83,52.08,3613.75,89.82,100.0,Normal,No
VEH_002,2026-06-26 06:10:00,92.64,14.12,6.13,31.84,83.03,67.29,2930.85,86.96,58.7,Critical,Yes
VEH_001,2026-06-26 06:10:53,86.36,14.2,0.6,32.12,0.0,65.34,765.21,86.42,100.0,Normal,No
VEH_004,2026-06-26 06:12:56,87.76,13.63,2.27,32.53,0.0,78.15,750.92,89.36,97.3,Warning,Yes
VEH_005,2026-06-26 06:13:24,106.66,14.21,1.08,32.34,93.1,58.05,3439.82,54.21,70.89,Warning,Yes
VEH_002,2026-06-26 06:15:00,92.17,13.87,6.68,32.97,71.92,67.16,2783.61,86.95,53.22,Critical,Yes
VEH_003,2026-06-26 06:15:08,91.79,14.3,1.94,32.63,64.08,51.96,2510.59,89.81,100.0,Normal,No
VEH_001,2026-06-26 06:16:06,92.84,14.18,1.0,33.08,94.94,65.2,3279.99,86.41,100.0,Normal,No
VEH_004,2026-06-26 06:17:59,94.42,13.68,2.59,32.22,107.77,77.99,3769.84,89.36,94.06,Warning,Yes
VEH_005,2026-06-26 06:18:23,86.41,13.83,0.55,32.9,0.0,58.0,847.24,93.15,100.0,Normal,No
VEH_002,2026-06-26 06:19:48,87.23,13.96,7.16,32.51,0.0,67.11,802.2,86.94,48.4,Critical,Yes
VEH_003,2026-06-26 06:19:59,91.26,13.61,2.49,32.63,55.98,51.86,2535.49,89.8,95.06,Warning,Yes
VEH_001,2026-06-26 06:21:10,87.07,14.08,0.52,32.97,0.0,65.15,796.09,86.4,100.0,Normal,No
VEH_004,2026-06-26 06:23:00,87.02,13.68,3.18,32.26,0.0,77.94,780.47,89.35,88.17,Warning,Yes
VEH_005,2026-06-26 06:23:11,89.1,14.08,0.74,32.9,35.64,57.91,1780.92,93.14,100.0,Normal,No
VEH_003,2026-06-26 06:24:59,89.83,13.64,3.09,32.65,31.36,51.78,1752.91,89.79,89.1,Warning,Yes
VEH_002,2026-06-26 06:25:03,91.21,14.07,7.51,32.88,50.36,67.01,2124.61,86.93,44.88,Critical,Yes
VEH_001,2026-06-26 06:26:16,93.55,14.22,0.99,32.64,85.27,65.01,3028.23,86.39,100.0,Normal,No
VEH_005,2026-06-26 06:27:59,91.84,14.02,0.88,32.2,56.9,57.8,2443.61,93.13,100.0,Normal,No
VEH_004,2026-06-26 06:28:06,86.2,13.71,3.44,32.12,0.0,77.89,771.49,89.34,85.6,Warning,Yes
VEH_003,2026-06-26 06:29:46,88.7,14.24,3.68,33.11,34.79,51.69,1791.77,89.78,83.17,Warning,Yes
VEH_002,2026-06-26 06:30:08,90.19,14.19,0.67,32.35,42.92,66.92,1930.56,86.92,100.0,Normal,No
VEH_001,2026-06-26 06:31:01,91.39,14.04,0.85,32.8,73.77,64.89,2856.38,86.38,100.0,Normal,No
VEH_004,2026-06-26 06:33:02,91.72,14.07,4.0,33.06,46.72,77.79,2300.32,89.33,80.01,Warning,Yes
VEH_005,2026-06-26 06:33:05,93.15,13.84,1.03,32.74,93.2,57.66,3403.11,93.12,100.0,Normal,No
VEH_003,2026-06-26 06:34:55,91.48,13.82,4.11,32.66,79.72,51.56,2960.94,89.77,78.87,Warning,Yes
VEH_002,2026-06-26 06:35:00,91.97,13.71,0.94,32.09,63.84,66.81,2735.29,86.91,100.0,Normal,No
VEH_001,2026-06-26 06:36:05,90.09,14.24,0.65,32.21,31.75,64.81,1729.34,86.37,100.0,Normal,No
VEH_004,2026-06-26 06:38:02,87.94,13.98,4.26,31.98,0.0,77.74,833.63,89.32,77.4,Warning,Yes
VEH_005,2026-06-26 06:38:06,86.44,14.15,0.58,32.01,0.0,57.61,772.26,93.11,100.0,Normal,No
VEH_003,2026-06-26 06:39:54,91.55,13.98,4.54,33.18,73.19,51.44,2962.62,89.76,74.63,Critical,Yes
VEH_002,2026-06-26 06:40:05,91.56,14.23,0.81,32.56,61.08,66.7,2420.42,86.9,100.0,Normal,No
VEH_001,2026-06-26 06:41:17,92.26,14.14,0.92,31.98,58.58,64.7,2504.65,86.37,100.0,Normal,No
VEH_005,2026-06-26 06:42:59,91.89,13.97,0.85,33.13,67.4,57.49,2723.74,93.09,100.0,Normal,No
VEH_004,2026-06-26 06:43:10,90.75,13.92,4.66,32.16,35.08,77.66,1908.52,89.31,73.41,Critical,Yes
VEH_003,2026-06-26 06:45:05,92.8,14.17,5.04,32.47,66.45,51.32,2796.63,89.76,69.58,Critical,Yes
VEH_002,2026-06-26 06:45:12,93.09,14.13,0.97,32.96,104.16,66.54,3598.35,86.89,100.0,Normal,No
VEH_001,2026-06-26 06:46:09,90.31,14.24,0.87,32.95,56.75,64.59,2358.65,86.35,100.0,Normal,No
VEH_005,2026-06-26 06:48:04,94.36,13.91,1.08,32.11,95.06,57.35,3486.7,93.09,100.0,Normal,No
VEH_004,2026-06-26 06:48:17,94.8,14.08,5.0,32.49,105.56,77.5,3518.75,89.3,69.95,Critical,Yes
VEH_002,2026-06-26 06:49:58,93.2,13.83,1.09,33.17,104.93,66.39,3518.25,86.88,100.0,Normal,No
VEH_003,2026-06-26 06:50:07,89.29,13.64,5.6,33.08,45.56,51.23,1995.0,89.74,63.99,Critical,Yes
VEH_001,2026-06-26 06:51:06,91.4,13.78,0.77,32.47,60.5,64.48,2439.0,86.34,100.0,Normal,No
VEH_005,2026-06-26 06:52:53,94.54,14.23,1.05,32.91,107.72,57.19,3780.82,93.08,100.0,Normal,No
VEH_004,2026-06-26 06:53:31,86.29,13.96,5.33,32.06,0.0,77.45,777.43,89.28,66.74,Critical,Yes
VEH_002,2026-06-26 06:54:51,91.88,13.72,0.94,33.07,63.5,66.27,2717.27,86.87,100.0,Normal,No
VEH_003,2026-06-26 06:55:08,91.02,14.28,5.96,32.58,68.74,51.11,2780.29,89.73,60.41,Critical,Yes
VEH_001,2026-06-26 06:56:09,91.93,13.8,0.8,32.54,69.54,64.36,2724.08,86.33,100.0,Normal,No
VEH_005,2026-06-26 06:57:45,91.19,13.6,0.81,32.73,44.9,57.1,2163.26,93.07,100.0,Normal,No
VEH_004,2026-06-26 06:58:36,94.28,13.82,5.69,33.2,100.78,77.3,3539.36,89.27,63.12,Critical,Yes
VEH_002,2026-06-26 06:59:49,87.28,14.27,0.52,32.72,0.0,66.22,789.48,86.86,100.0,Normal,No
VEH_003,2026-06-26 07:00:16,92.1,14.01,6.33,32.31,80.92,50.98,3096.96,89.72,56.74,Critical,Yes
VEH_001,2026-06-26 07:01:18,94.41,13.77,1.09,32.34,102.46,64.21,3709.6,86.32,100.0,Normal,No
VEH_005,2026-06-26 07:02:45,88.99,13.65,0.72,32.73,42.12,57.0,1978.15,93.06,100.0,Normal,No
VEH_004,2026-06-26 07:03:45,92.91,13.65,6.23,32.01,74.54,77.17,2785.63,89.26,57.68,Critical,Yes
VEH_002,2026-06-26 07:04:42,87.7,13.66,0.59,33.0,0.0,66.17,784.64,86.85,100.0,Normal,No
VEH_003,2026-06-26 07:05:16,92.45,14.15,6.66,31.84,77.42,50.85,2804.59,89.71,53.37,Critical,Yes
VEH_001,2026-06-26 07:06:11,94.06,14.18,0.99,33.06,95.71,64.06,3446.6,86.31,100.0,Normal,No
VEH_005,2026-06-26 07:07:59,93.48,13.81,0.98,32.75,103.34,56.85,3458.98,93.05,100.0,Normal,No
VEH_004,2026-06-26 07:09:00,85.93,14.16,0.61,31.87,0.0,77.12,756.43,89.24,100.0,Normal,No
VEH_002,2026-06-26 07:09:47,89.9,13.38,0.71,33.18,36.55,66.09,2060.99,86.83,97.66,Warning,Yes
VEH_003,2026-06-26 07:10:21,86.35,14.0,7.11,32.41,0.0,50.8,796.78,89.7,48.93,Critical,Yes
VEH_001,2026-06-26 07:10:57,90.43,13.83,0.74,32.62,35.13,63.98,1820.18,86.3,100.0,Normal,No
VEH_005,2026-06-26 07:13:06,91.04,14.26,0.82,33.03,42.03,56.76,2118.6,93.04,100.0,Normal,No
VEH_004,2026-06-26 07:13:57,89.23,14.21,0.77,31.87,39.19,77.04,1847.33,89.23,100.0,Normal,No
VEH_002,2026-06-26 07:14:41,91.98,13.12,0.94,33.19,80.87,65.96,3142.59,86.82,92.47,Warning,Yes
VEH_003,2026-06-26 07:15:16,90.6,14.13,7.56,32.91,51.77,50.7,2417.82,89.68,44.42,Critical,Yes
VEH_001,2026-06-26 07:15:58,94.19,14.28,0.98,32.27,95.6,63.83,3426.68,86.29,100.0,Normal,No
VEH_005,2026-06-26 07:17:55,93.6,14.2,0.98,32.68,89.26,56.62,3189.41,93.03,100.0,Normal,No
VEH_004,2026-06-26 07:19:01,93.3,13.77,1.1,32.79,103.32,76.88,3711.16,89.22,100.0,Normal,No
VEH_002,2026-06-26 07:19:38,91.44,12.97,0.83,32.47,58.1,65.85,2436.75,86.82,89.33,Warning,Yes
VEH_003,2026-06-26 07:20:30,86.8,13.88,8.0,32.87,0.0,50.65,837.07,89.68,40.0,Critical,Yes
VEH_001,2026-06-26 07:20:55,93.95,13.77,1.0,31.89,106.64,63.67,3587.45,86.28,100.0,Normal,No
VEH_005,2026-06-26 07:22:54,92.51,13.83,0.99,32.1,80.38,56.49,3027.22,93.02,100.0,Normal,No
VEH_004,2026-06-26 07:24:10,91.04,14.29,0.78,32.61,48.92,76.78,2340.07,89.21,100.0,Normal,No
VEH_002,2026-06-26 07:24:49,92.99,12.8,0.96,32.68,90.16,65.71,3131.59,86.81,85.93,Warning,Yes
VEH_003,2026-06-26 07:25:25,90.37,13.9,8.0,31.98,44.06,50.55,2067.13,89.67,40.0,Critical,Yes
VEH_001,2026-06-26 07:25:48,94.45,13.81,1.01,32.25,98.38,63.53,3465.0,86.27,100.0,Normal,No
VEH_005,2026-06-26 07:28:06,87.69,13.64,0.6,32.18,0.0,56.44,753.54,93.01,100.0,Normal,No
VEH_004,2026-06-26 07:29:10,87.9,13.87,0.57,32.12,0.0,76.73,839.52,89.19,100.0,Normal,No
VEH_002,2026-06-26 07:29:48,89.8,12.62,0.68,32.54,31.09,65.63,1847.71,86.79,82.42,Warning,Yes
VEH_003,2026-06-26 07:30:22,94.09,14.17,8.0,32.28,107.51,50.4,3644.79,89.66,40.0,Critical,Yes
VEH_001,2026-06-26 07:30:51,90.37,13.99,0.76,31.85,36.52,63.44,1830.14,86.27,100.0,Normal,No
VEH_005,2026-06-26 07:33:04,90.93,13.61,0.76,32.01,61.79,56.33,2396.65,93.0,100.0,Normal,No
VEH_004,2026-06-26 07:33:55,94.8,13.93,1.03,32.27,102.74,76.58,3561.73,89.18,100.0,Normal,No
VEH_002,2026-06-26 07:34:52,93.96,12.41,0.98,32.98,109.29,65.47,3773.25,86.79,78.28,Warning,Yes
VEH_003,2026-06-26 07:35:18,89.92,13.99,0.79,32.43,43.81,50.3,2059.87,89.65,100.0,Normal,No
VEH_001,2026-06-26 07:35:48,93.45,13.81,1.0,32.02,94.38,63.3,3305.24,86.26,100.0,Normal,No
VEH_005,2026-06-26 07:37:58,87.57,13.88,0.48,32.1,0.0,56.28,791.96,92.99,100.0,Normal,No
VEH_004,2026-06-26 07:38:45,90.07,13.75,0.75,32.96,32.71,76.5,1718.93,89.17,100.0,Normal,No
VEH_002,2026-06-26 07:39:40,90.19,12.24,0.86,31.83,60.61,65.36,2376.24,86.78,74.72,Warning,Yes
VEH_003,2026-06-26 07:40:32,89.21,13.65,0.77,32.04,37.29,50.22,2077.18,89.64,100.0,Normal,No
VEH_001,2026-06-26 07:40:50,92.14,13.72,0.89,32.38,57.85,63.19,2478.89,86.25,100.0,Normal,No
VEH_005,2026-06-26 07:42:44,94.45,13.85,0.98,32.65,102.96,56.12,3613.05,92.98,100.0,Normal,No
VEH_004,2026-06-26 07:43:32,94.09,13.84,0.95,32.0,92.28,76.36,3321.63,89.16,100.0,Normal,No
VEH_002,2026-06-26 07:44:51,91.87,12.03,0.93,32.66,85.4,65.22,3113.8,86.77,70.67,Warning,Yes
VEH_003,2026-06-26 07:45:39,92.4,14.11,0.92,32.02,65.6,50.1,2637.76,89.63,100.0,Normal,No
VEH_001,2026-06-26 07:45:47,93.26,13.69,1.05,32.71,100.7,63.04,3408.78,86.24,100.0,Normal,No
VEH_005,2026-06-26 07:47:33,94.79,13.84,0.95,32.16,105.93,55.97,3548.72,92.96,100.0,Normal,No
VEH_004,2026-06-26 07:48:30,91.26,14.13,0.8,32.72,67.0,76.24,2539.46,89.15,100.0,Normal,No
VEH_002,2026-06-26 07:50:06,91.02,11.78,0.79,32.42,48.46,65.12,2317.83,86.77,65.61,Critical,Yes
VEH_001,2026-06-26 07:50:36,90.86,14.05,0.82,31.93,57.5,62.93,2376.85,86.23,100.0,Normal,No
VEH_003,2026-06-26 07:50:54,87.27,13.7,0.53,31.9,0.0,50.05,841.29,89.62,100.0,Normal,No
VEH_005,2026-06-26 07:52:35,90.7,13.76,0.71,31.87,41.64,55.88,2014.88,92.96,100.0,Normal,No
VEH_004,2026-06-26 07:53:35,89.22,13.9,0.75,31.79,32.82,76.16,1694.56,89.14,100.0,Normal,No
VEH_002,2026-06-26 07:55:21,92.19,11.55,0.87,32.81,73.18,65.0,2714.24,86.76,61.03,Critical,Yes
VEH_001,2026-06-26 07:55:34,90.26,13.88,0.76,32.77,54.86,62.82,2226.88,86.22,100.0,Normal,No
VEH_003,2026-06-26 07:55:42,86.54,13.88,0.51,32.57,0.0,50.0,753.18,89.62,100.0,Normal,No
VEH_005,2026-06-26 07:57:49,93.27,14.15,0.97,32.62,109.05,55.72,3621.55,92.95,100.0,Normal,No
VEH_004,2026-06-26 07:58:23,91.85,13.89,0.8,32.11,68.59,76.04,2573.78,89.13,100.0,Normal,No
VEH_002,2026-06-26 08:00:18,92.07,13.71,1.02,33.2,92.24,64.86,3188.73,86.75,100.0,Normal,No
VEH_003,2026-06-26 08:00:35,93.27,14.15,0.95,32.33,80.95,49.87,3108.38,89.6,100.0,Normal,No
VEH_001,2026-06-26 08:00:42,90.25,13.99,0.79,32.88,40.31,62.73,2006.93,86.2,100.0,Normal,No
VEH_005,2026-06-26 08:02:56,90.94,14.2,0.79,32.02,59.0,55.61,2451.65,92.93,100.0,Normal,No
VEH_004,2026-06-26 08:03:25,87.85,14.27,0.61,32.46,0.0,75.99,790.51,89.12,100.0,Normal,No
VEH_002,2026-06-26 08:05:10,91.97,13.91,0.96,32.72,75.18,64.73,2906.54,86.74,100.0,Normal,No
VEH_003,2026-06-26 08:05:24,90.18,13.68,0.82,32.23,44.64,49.77,2244.9,89.59,100.0,Normal,No
VEH_001,2026-06-26 08:05:34,87.27,14.2,0.47,32.91,0.0,62.68,808.61,86.19,100.0,Normal,No
VEH_005,2026-06-26 08:08:09,91.94,14.0,0.8,33.22,63.02,55.49,2706.25,92.92,100.0,Normal,No
VEH_004,2026-06-26 08:08:19,87.34,14.02,0.57,32.63,0.0,75.94,826.19,89.11,100.0,Normal,No
VEH_002,2026-06-26 08:09:55,93.35,13.88,1.02,31.88,90.83,64.59,3306.89,86.73,100.0,Normal,No
VEH_003,2026-06-26 08:10:15,92.61,13.87,0.9,32.32,69.54,49.65,2698.17,89.59,100.0,Normal,No
VEH_001,2026-06-26 08:10:42,89.2,14.13,0.74,32.13,35.65,62.6,1912.28,86.18,100.0,Normal,No
VEH_005,2026-06-26 08:13:09,92.06,14.12,0.84,32.87,76.03,55.37,2831.78,92.91,100.0,Normal,No
VEH_004,2026-06-26 08:13:13,92.57,14.0,1.0,32.97,92.03,75.8,3232.66,89.1,100.0,Normal,No
VEH_003,2026-06-26 08:15:02,92.13,14.03,0.99,32.28,75.56,49.53,2990.64,89.58,100.0,Normal,No
VEH_002,2026-06-26 08:15:05,91.92,13.65,0.84,33.22,67.04,64.47,2689.64,86.72,100.0,Normal,No
VEH_001,2026-06-26 08:15:36,90.72,13.85,0.83,32.27,45.8,62.5,2133.62,86.17,100.0,Normal,No
VEH_005,2026-06-26 08:17:57,90.47,14.07,0.81,32.21,53.02,55.27,2229.49,92.9,100.0,Normal,No
VEH_004,2026-06-26 08:18:28,90.03,13.99,0.69,31.95,33.06,75.71,1918.89,89.09,100.0,Normal,No
VEH_003,2026-06-26 08:20:00,86.15,13.9,0.53,32.58,0.0,49.48,847.62,89.57,100.0,Normal,No
VEH_002,2026-06-26 08:20:13,90.99,14.25,0.7,32.29,48.43,64.38,2167.35,86.71,100.0,Normal,No
VEH_001,2026-06-26 08:20:39,86.81,14.16,0.61,32.28,0.0,62.45,817.05,86.16,100.0,Normal,No
VEH_005,2026-06-26 08:22:53,86.47,14.16,0.6,32.76,0.0,55.22,820.35,92.89,100.0,Normal,No
VEH_004,2026-06-26 08:23:42,93.61,13.9,1.01,31.93,103.62,75.56,3492.97,89.08,100.0,Normal,No
VEH_003,2026-06-26 08:24:56,87.33,13.66,0.46,32.24,0.0,49.43,782.38,89.56,100.0,Normal,No
VEH_002,2026-06-26 08:25:16,93.58,13.95,0.95,32.21,86.37,64.24,3041.27,86.7,100.0,Normal,No
VEH_001,2026-06-26 08:25:44,92.92,13.93,0.97,32.37,80.0,62.32,3128.71,86.15,100.0,Normal,No
VEH_005,2026-06-26 08:28:01,90.61,14.25,0.71,32.63,41.7,55.12,2116.2,92.88,100.0,Normal,No
VEH_004,2026-06-26 08:28:53,90.05,14.26,0.78,32.38,54.78,75.45,2415.11,89.07,100.0,Normal,No
VEH_003,2026-06-26 08:29:42,91.86,13.97,1.0,32.14,77.12,49.3,3027.82,89.55,100.0,Normal,No
VEH_002,2026-06-26 08:30:02,94.62,13.79,1.13,32.71,108.11,64.08,3713.3,86.69,100.0,Normal,No
VEH_001,2026-06-26 08:30:59,92.01,14.08,0.8,32.78,64.09,62.21,2634.43,86.14,100.0,Normal,No
VEH_005,2026-06-26 08:33:06,86.91,14.11,0.52,32.17,0.0,55.07,833.89,92.87,100.0,Normal,No
VEH_004,2026-06-26 08:33:55,92.8,13.73,0.94,32.29,74.42,75.33,2853.41,89.06,100.0,Normal,No
VEH_003,2026-06-26 08:34:56,87.49,14.15,0.61,32.15,0.0,49.25,808.88,89.54,100.0,Normal,No
VEH_002,2026-06-26 08:35:15,92.09,13.73,0.91,32.19,73.17,63.96,2934.48,86.68,100.0,Normal,No
VEH_001,2026-06-26 08:36:12,90.39,14.1,0.83,32.11,44.73,62.11,2019.82,86.13,100.0,Normal,No
VEH_005,2026-06-26 08:38:01,91.88,14.01,0.85,32.17,84.29,54.94,3025.93,92.86,100.0,Normal,No
VEH_004,2026-06-26 08:38:48,92.18,13.89,0.91,33.1,84.05,75.2,3233.68,89.05,100.0,Normal,No
VEH_003,2026-06-26 08:39:42,89.43,14.3,0.76,32.52,43.65,49.16,1969.48,89.53,100.0,Normal,No
VEH_002,2026-06-26 08:40:21,92.93,14.26,0.97,32.42,88.45,63.82,3245.64,86.68,100.0,Normal,No
VEH_001,2026-06-26 08:41:23,91.19,14.24,0.81,32.85,39.76,62.02,2121.05,86.12,100.0,Normal,No
VEH_005,2026-06-26 08:43:10,86.03,14.26,0.58,33.13,0.0,54.89,786.29,92.85,100.0,Normal,No
VEH_004,2026-06-26 08:43:52,93.04,13.75,0.92,32.69,72.76,75.07,2951.8,89.03,100.0,Normal,No
VEH_003,2026-06-26 08:44:32,90.14,14.14,0.72,32.17,41.84,49.07,2166.07,89.52,100.0,Normal,No
VEH_002,2026-06-26 08:45:19,90.8,13.76,0.87,32.42,55.22,63.71,2373.52,86.67,100.0,Normal,No
VEH_001,2026-06-26 08:46:13,92.98,14.08,1.02,32.31,90.46,61.88,3166.82,86.11,100.0,Normal,No
VEH_005,2026-06-26 08:48:25,89.59,14.25,0.7,33.13,46.35,54.79,2059.5,92.84,100.0,Normal,No
VEH_004,2026-06-26 08:48:38,86.91,13.73,0.6,32.26,0.0,75.02,833.88,89.03,100.0,Normal,No
VEH_003,2026-06-26 08:49:38,92.98,14.21,0.96,33.1,68.17,48.95,2799.58,89.52,100.0,Normal,No
VEH_002,2026-06-26 08:50:25,93.07,14.11,0.98,32.12,83.02,63.58,2964.2,86.66,100.0,Normal,No
VEH_001,2026-06-26 08:51:01,90.22,13.62,0.77,32.28,45.95,61.79,2075.35,86.1,100.0,Normal,No
VEH_005,2026-06-26 08:53:30,92.77,14.29,0.87,32.35,79.23,54.66,2939.1,92.83,100.0,Normal,No
VEH_004,2026-06-26 08:53:40,90.14,13.69,0.83,32.08,48.0,74.92,2281.89,89.02,100.0,Normal,No
VEH_003,2026-06-26 08:54:34,89.57,14.01,0.71,32.22,50.26,48.85,2183.72,89.51,100.0,Normal,No
VEH_002,2026-06-26 08:55:21,90.56,13.71,0.86,31.96,47.31,63.48,2201.29,86.65,100.0,Normal,No
VEH_001,2026-06-26 08:56:01,92.03,13.68,0.84,33.05,71.71,61.67,2716.43,86.09,100.0,Normal,No
VEH_004,2026-06-26 08:58:36,93.36,14.19,0.96,32.67,85.78,74.79,3220.18,89.01,100.0,Normal,No
VEH_005,2026-06-26 08:58:36,93.52,13.98,0.97,33.24,98.54,54.52,3539.48,92.82,100.0,Normal,No
VEH_003,2026-06-26 08:59:49,91.28,14.22,0.91,32.41,69.38,48.73,2760.02,89.5,100.0,Normal,No
VEH_002,2026-06-26 09:00:15,91.32,13.88,0.88,32.09,66.78,63.37,2602.7,86.64,100.0,Normal,No
VEH_001,2026-06-26 09:00:57,90.91,13.78,0.81,32.26,64.62,61.55,2681.33,86.08,100.0,Normal,No
VEH_005,2026-06-26 09:03:27,86.5,13.84,0.54,32.7,0.0,54.47,822.17,92.81,100.0,Normal,No
VEH_004,2026-06-26 09:03:42,90.22,14.14,0.82,32.13,49.03,74.69,2124.31,89.0,100.0,Normal,No
VEH_003,2026-06-26 09:04:58,93.07,14.11,0.94,31.94,97.7,48.58,3465.42,89.49,100.0,Normal,No
VEH_002,2026-06-26 09:05:21,91.97,13.64,0.78,33.16,57.0,63.26,2455.59,86.63,100.0,Normal,No
VEH_001,2026-06-26 09:05:47,92.39,13.9,0.83,33.07,63.28,61.44,2670.28,86.08,100.0,Normal,No
VEH_005,2026-06-26 09:08:22,89.72,14.05,0.74,33.0,31.07,54.38,1764.29,92.81,100.0,Normal,No
VEH_004,2026-06-26 09:08:29,87.8,14.2,0.56,32.17,0.0,74.64,796.55,88.99,100.0,Normal,No
VEH_003,2026-06-26 09:09:54,93.09,13.92,1.06,33.22,94.96,48.44,3449.09,89.48,100.0,Normal,No
VEH_002,2026-06-26 09:10:31,86.78,14.2,0.53,32.07,0.0,63.21,769.47,86.62,100.0,Normal,No
VEH_001,2026-06-26 09:10:42,91.24,14.07,0.87,32.02,72.84,61.31,2792.04,86.07,100.0,Normal,No
VEH_005,2026-06-26 09:13:20,91.82,14.16,0.93,32.57,69.29,54.27,2632.39,92.79,100.0,Normal,No
VEH_004,2026-06-26 09:13:43,91.33,14.0,0.92,32.24,69.69,74.52,2698.37,88.98,100.0,Normal,No
VEH_003,2026-06-26 09:14:40,93.84,13.98,1.05,33.17,96.67,48.29,3529.12,89.47,100.0,Normal,No
VEH_002,2026-06-26 09:15:31,90.23,13.73,0.78,32.81,49.64,63.11,2299.03,86.61,100.0,Normal,No
VEH_001,2026-06-26 09:15:54,89.83,14.07,0.77,32.7,44.57,61.22,1992.02,86.06,100.0,Normal,No
VEH_005,2026-06-26 09:18:05,92.34,13.87,0.92,32.05,82.91,54.13,3210.12,92.78,100.0,Normal,No
VEH_004,2026-06-26 09:18:58,91.46,14.22,0.88,32.5,81.78,74.39,2955.95,88.98,100.0,Normal,No
VEH_003,2026-06-26 09:19:37,90.23,14.2,0.75,32.49,54.8,48.18,2335.21,89.47,100.0,Normal,No
VEH_002,2026-06-26 09:20:38,92.22,13.94,1.03,32.9,89.74,62.97,3178.97,86.6,100.0,Normal,No
VEH_001,2026-06-26 09:21:07,93.73,14.05,1.1,32.47,108.08,61.06,3734.62,86.05,100.0,Normal,No
VEH_005,2026-06-26 09:23:07,89.85,14.07,0.74,31.87,56.5,54.03,2276.92,92.77,100.0,Normal,No
VEH_004,2026-06-26 09:23:51,90.94,13.97,0.88,33.11,58.28,74.28,2604.27,88.96,100.0,Normal,No
VEH_003,2026-06-26 09:24:38,89.7,14.23,0.74,32.45,33.63,48.1,1847.45,89.46,100.0,Normal,No
VEH_002,2026-06-26 09:25:45,90.12,13.89,0.66,32.49,32.33,62.89,1912.46,86.59,100.0,Normal,No
VEH_001,2026-06-26 09:26:20,86.34,13.83,0.61,32.2,0.0,61.01,803.44,86.04,100.0,Normal,No
VEH_005,2026-06-26 09:28:06,93.44,13.72,1.07,32.11,96.41,53.88,3407.59,92.77,100.0,Normal,No
VEH_004,2026-06-26 09:28:53,91.25,13.72,0.88,32.22,56.04,74.17,2433.11,88.95,100.0,Normal,No
VEH_003,2026-06-26 09:29:41,91.29,13.8,0.93,32.61,64.61,47.99,2665.93,89.45,100.0,Normal,No
VEH_002,2026-06-26 09:30:54,93.19,14.09,0.92,32.26,86.62,62.75,3133.0,86.59,100.0,Normal,No
VEH_001,2026-06-26 09:31:11,92.9,14.22,1.07,32.22,101.45,60.86,3500.74,86.03,100.0,Normal,No
VEH_005,2026-06-26 09:33:00,90.18,13.61,0.77,32.09,39.13,53.79,1862.26,92.75,100.0,Normal,No
VEH_004,2026-06-26 09:34:02,93.02,13.54,0.92,32.28,95.92,74.03,3399.38,88.94,100.0,Normal,No
VEH_003,2026-06-26 09:34:31,91.57,14.03,0.92,32.18,60.69,47.88,2632.65,89.45,100.0,Normal,No
VEH_002,2026-06-26 09:35:45,89.4,14.06,0.7,31.92,30.38,62.67,1704.7,86.58,100.0,Normal,No
VEH_001,2026-06-26 09:36:23,94.17,14.24,1.09,32.83,104.66,60.71,3653.74,86.02,100.0,Normal,No
VEH_005,2026-06-26 09:37:57,91.9,13.7,0.89,32.08,56.35,53.68,2472.82,92.74,100.0,Normal,No
VEH_004,2026-06-26 09:38:58,91.67,13.39,0.78,33.17,52.61,73.93,2321.53,88.93,97.78,Warning,Yes
VEH_003,2026-06-26 09:39:46,93.6,14.15,0.91,33.11,94.25,47.73,3256.07,89.44,100.0,Normal,No
VEH_002,2026-06-26 09:41:00,91.34,13.77,0.75,31.82,48.87,62.57,2359.75,86.57,100.0,Normal,No
VEH_001,2026-06-26 09:41:34,91.93,14.04,0.76,33.19,54.3,60.6,2406.36,86.01,100.0,Normal,No
VEH_005,2026-06-26 09:42:54,89.37,14.22,0.69,32.98,40.96,53.59,2089.22,92.73,100.0,Normal,No
VEH_004,2026-06-26 09:44:06,90.6,13.23,0.66,32.67,41.79,73.83,1960.73,88.92,94.69,Warning,Yes
VEH_003,2026-06-26 09:44:34,89.26,13.76,0.73,32.55,34.71,47.65,1826.23,89.43,100.0,Normal,No
VEH_002,2026-06-26 09:45:47,93.87,13.64,0.97,32.57,109.15,62.41,3667.51,86.56,100.0,Normal,No
VEH_001,2026-06-26 09:46:23,87.05,13.91,0.59,32.06,0.0,60.55,750.32,86.0,100.0,Normal,No
VEH_005,2026-06-26 09:47:50,86.85,14.03,0.59,32.67,0.0,53.54,759.53,92.72,100.0,Normal,No
VEH_004,2026-06-26 09:49:08,90.08,12.95,0.71,32.98,39.34,73.74,2024.72,88.91,88.9,Warning,Yes
VEH_003,2026-06-26 09:49:42,93.77,13.76,1.09,32.81,104.47,47.49,3491.41,89.42,100.0,Normal,No
VEH_002,2026-06-26 09:50:53,91.22,13.87,0.85,32.76,64.54,62.3,2677.62,86.55,100.0,Normal,No
VEH_001,2026-06-26 09:51:27,91.84,13.72,0.87,32.01,58.75,60.44,2502.42,85.99,100.0,Normal,No
VEH_005,2026-06-26 09:52:44,91.62,13.99,0.82,32.48,72.2,53.42,2842.75,92.71,100.0,Normal,No
VEH_004,2026-06-26 09:54:12,90.91,12.76,0.91,32.88,58.52,73.64,2563.72,88.91,85.17,Warning,Yes
VEH_003,2026-06-26 09:54:39,92.63,13.61,0.88,32.34,90.04,47.35,3161.05,89.41,100.0,Normal,No
VEH_002,2026-06-26 09:55:48,89.01,13.62,0.78,32.0,38.22,62.21,1810.19,86.54,100.0,Normal,No
VEH_001,2026-06-26 09:56:29,86.81,13.63,0.47,33.13,0.0,60.39,755.95,85.98,100.0,Normal,No
VEH_005,2026-06-26 09:57:29,90.57,13.69,0.69,32.67,38.97,53.33,1867.09,92.71,100.0,Normal,No
VEH_004,2026-06-26 09:59:17,92.92,12.5,0.99,32.73,105.45,73.48,3503.72,88.9,79.96,Warning,Yes
VEH_003,2026-06-26 09:59:39,91.9,13.6,0.97,32.2,82.88,47.22,3121.01,89.41,100.0,Normal,No
VEH_002,2026-06-26 10:00:57,87.72,14.02,0.59,31.6,0.0,62.16,775.33,86.53,100.0,Normal,No
VEH_001,2026-06-26 10:01:33,90.12,13.9,0.79,32.61,51.04,60.29,2366.18,85.96,100.0,Normal,No
VEH_005,2026-06-26 10:02:38,92.6,13.84,0.92,32.15,88.31,53.19,3144.7,92.69,100.0,Normal,No
VEH_004,2026-06-26 10:04:15,93.49,13.84,0.98,32.84,100.3,73.33,3604.76,88.89,100.0,Normal,No
VEH_003,2026-06-26 10:04:36,89.96,13.78,0.82,32.59,52.19,47.12,2299.24,89.39,100.0,Normal,No
VEH_002,2026-06-26 10:05:56,91.06,14.16,0.7,30.87,40.7,62.07,2126.81,86.52,100.0,Normal,No
VEH_001,2026-06-26 10:06:39,93.1,13.63,1.04,33.03,98.15,60.14,3553.55,85.96,100.0,Normal,No
VEH_005,2026-06-26 10:07:34,91.73,13.67,0.91,32.84,75.16,53.07,2733.81,92.68,100.0,Normal,No
VEH_004,2026-06-26 10:09:25,87.14,13.61,0.5,32.97,0.0,73.28,823.15,88.88,100.0,Normal,No
VEH_003,2026-06-26 10:09:36,92.65,14.04,0.96,33.13,78.27,46.99,2844.04,89.38,100.0,Normal,No
VEH_002,2026-06-26 10:10:46,90.81,13.74,0.86,30.07,51.03,61.97,2229.91,86.52,100.0,Normal,No
VEH_001,2026-06-26 10:11:45,87.76,14.06,0.58,32.72,0.0,60.09,828.9,85.94,100.0,Normal,No
VEH_005,2026-06-26 10:12:19,91.4,13.93,0.82,32.61,48.52,52.97,2318.59,92.67,100.0,Normal,No
VEH_004,2026-06-26 10:14:17,89.76,13.86,0.82,33.07,46.79,73.18,2064.64,88.87,100.0,Normal,No
VEH_003,2026-06-26 10:14:24,90.47,14.14,0.7,33.04,41.92,46.9,1950.91,89.37,100.0,Normal,No
VEH_002,2026-06-26 10:15:37,87.38,13.92,0.58,29.3,0.0,61.92,779.53,86.51,97.21,Warning,Yes
VEH_001,2026-06-26 10:16:31,91.58,13.77,0.88,32.73,59.49,59.98,2375.06,85.94,100.0,Normal,No
VEH_005,2026-06-26 10:17:29,91.96,13.98,0.87,31.97,73.97,52.85,2940.58,92.65,100.0,Normal,No
VEH_003,2026-06-26 10:19:15,90.86,13.83,0.83,33.07,59.68,46.79,2528.93,89.36,100.0,Normal,No
VEH_004,2026-06-26 10:19:27,91.21,14.06,0.84,32.2,60.49,73.07,2631.62,88.86,100.0,Normal,No
VEH_002,2026-06-26 10:20:31,91.79,13.97,0.85,28.77,59.56,61.81,2445.98,86.5,95.07,Warning,Yes
VEH_001,2026-06-26 10:21:45,92.95,13.99,1.02,33.23,86.2,59.85,3074.84,85.92,100.0,Normal,No
VEH_005,2026-06-26 10:22:20,90.08,14.03,0.76,32.75,40.92,52.75,1903.36,92.64,100.0,Normal,No
VEH_004,2026-06-26 10:24:12,87.64,14.29,0.48,32.69,0.0,73.02,804.09,88.84,100.0,Normal,No
VEH_003,2026-06-26 10:24:26,90.05,14.02,0.74,33.01,39.86,46.7,1904.95,89.35,100.0,Normal,No
VEH_002,2026-06-26 10:25:23,93.91,13.67,1.14,27.91,107.41,61.65,3774.79,86.49,91.65,Warning,Yes
VEH_001,2026-06-26 10:26:35,90.73,13.61,0.83,32.54,65.41,59.73,2635.69,85.92,100.0,Normal,No
VEH_005,2026-06-26 10:27:23,90.97,14.12,0.82,32.27,48.25,52.66,2212.64,92.63,100.0,Normal,No
VEH_003,2026-06-26 10:29:15,91.63,14.26,0.73,31.92,56.72,46.59,2328.52,89.34,100.0,Normal,No
VEH_004,2026-06-26 10:29:16,90.88,13.89,0.85,32.12,43.85,72.93,2184.54,88.83,100.0,Normal,No
VEH_002,2026-06-26 10:30:16,91.58,14.27,0.78,27.49,50.88,61.55,2403.88,86.49,89.94,Warning,Yes
VEH_001,2026-06-26 10:31:33,92.28,14.13,0.83,32.92,60.56,59.62,2633.83,85.91,100.0,Normal,No
VEH_005,2026-06-26 10:32:24,92.14,13.89,0.9,32.41,65.23,52.54,2548.33,92.62,100.0,Normal,No
VEH_003,2026-06-26 10:34:00,91.47,13.97,0.88,32.44,65.79,46.47,2524.31,89.33,100.0,Normal,No
VEH_004,2026-06-26 10:34:18,94.51,14.01,1.06,33.26,109.59,72.77,3849.35,88.83,100.0,Normal,No
VEH_002,2026-06-26 10:35:14,94.66,14.1,1.01,26.71,100.23,61.4,3571.83,86.48,86.85,Warning,Yes
VEH_001,2026-06-26 10:36:48,92.4,13.66,0.87,32.51,67.82,59.5,2712.09,85.9,100.0,Normal,No
VEH_005,2026-06-26 10:37:12,93.24,13.88,1.01,32.7,89.38,52.4,3362.17,92.61,100.0,Normal,No
VEH_003,2026-06-26 10:38:54,89.18,13.68,0.7,32.65,33.98,46.39,1832.72,89.32,100.0,Normal,No
VEH_004,2026-06-26 10:39:23,86.66,14.04,0.57,32.15,0.0,72.72,801.31,88.81,100.0,Normal,No
VEH_002,2026-06-26 10:40:20,90.83,14.12,0.74,26.07,50.79,61.3,2220.11,86.47,84.28,Warning,Yes
VEH_001,2026-06-26 10:41:54,89.56,14.29,0.66,32.79,38.41,59.42,1888.3,85.89,100.0,Normal,No
VEH_005,2026-06-26 10:42:04,86.04,13.86,0.5,32.63,0.0,52.35,769.44,92.6,100.0,Normal,No
VEH_003,2026-06-26 10:43:55,91.82,13.95,0.82,33.03,75.62,46.26,2788.82,89.31,100.0,Normal,No
VEH_004,2026-06-26 10:44:27,94.86,14.16,1.01,32.35,105.03,72.56,3765.85,88.8,100.0,Normal,No
VEH_002,2026-06-26 10:45:21,94.08,13.72,1.02,25.25,94.15,61.16,3354.84,86.46,80.99,Warning,Yes
VEH_001,2026-06-26 10:47:01,86.41,14.27,0.49,32.68,0.0,59.37,766.47,85.88,100.0,Normal,No
VEH_005,2026-06-26 10:47:07,90.18,13.65,0.79,32.69,54.72,52.25,2390.41,92.6,100.0,Normal,No
VEH_003,2026-06-26 10:48:59,87.46,14.2,0.55,31.91,0.0,46.21,753.06,89.3,100.0,Normal,No
VEH_004,2026-06-26 10:49:22,93.32,14.27,1.03,32.24,100.68,72.41,3533.44,88.79,100.0,Normal,No
VEH_002,2026-06-26 10:50:09,93.95,13.94,1.02,24.35,88.03,61.02,3335.36,86.44,77.4,Critical,Yes
VEH_001,2026-06-26 10:51:47,93.13,13.6,1.0,32.8,94.49,59.22,3490.57,85.87,100.0,Normal,No
VEH_005,2026-06-26 10:52:19,86.34,14.2,0.58,32.66,0.0,52.2,808.62,92.58,100.0,Normal,No
VEH_003,2026-06-26 10:54:09,92.86,14.17,0.92,32.83,96.44,46.07,3273.02,89.29,100.0,Normal,No
VEH_004,2026-06-26 10:54:24,93.04,14.0,0.89,33.13,86.27,72.28,3057.07,88.78,100.0,Normal,No
VEH_002,2026-06-26 10:55:10,86.47,13.65,0.49,23.89,0.0,60.97,834.3,86.43,75.56,Critical,Yes
VEH_001,2026-06-26 10:56:43,94.22,13.93,1.02,32.82,105.6,59.07,3569.21,85.86,100.0,Normal,No
VEH_005,2026-06-26 10:57:13,90.5,14.07,0.79,32.29,58.46,52.09,2526.82,92.58,100.0,Normal,No
VEH_003,2026-06-26 10:59:13,89.39,13.77,0.71,32.67,32.86,45.99,1749.35,89.28,100.0,Normal,No
VEH_004,2026-06-26 10:59:32,90.49,14.12,0.73,33.02,50.87,72.18,2147.61,88.77,100.0,Normal,No
VEH_002,2026-06-26 11:00:17,93.72,14.12,1.02,23.47,103.29,60.81,3531.51,86.42,73.89,Critical,Yes
VEH_001,2026-06-26 11:01:51,91.68,13.75,0.92,32.26,65.02,58.95,2626.58,85.84,100.0,Normal,No
